Date/Time,Latitude,Longitude
24-05-2017T10:00,53.567037,8.554946000000001
24-05-2017T10:05,53.567021,8.554949
24-05-2017T10:10,53.567032999999995,8.554913
24-05-2017T10:15,53.567339000000004,8.554122999999999
24-05-2017T10:20,53.568113000000004,8.55345
24-05-2017T10:25,53.568765,8.553429
24-05-2017T10:30,53.570401000000004,8.553222
24-05-2017T10:35,53.572433,8.552759
24-05-2017T10:40,53.573362,8.551602
24-05-2017T10:45,53.57275,8.55053
24-05-2017T10:50,53.571293999999995,8.550175999999999
24-05-2017T10:55,53.570344999999996,8.550089
24-05-2017T11:00,53.570255,8.550122
24-05-2017T11:05,53.57025,8.550129
24-05-2017T11:10,53.57025600000001,8.550138
24-05-2017T11:15,53.570032,8.550024
24-05-2017T11:20,53.568498,8.549786
24-05-2017T11:25,53.5656,8.548892
24-05-2017T11:30,53.564479000000006,8.544584
24-05-2017T11:35,53.568276000000004,8.540094
24-05-2017T11:40,53.577754000000006,8.531474000000001
24-05-2017T11:45,53.59058,8.518868
24-05-2017T11:50,53.603880000000004,8.502286999999999
24-05-2017T11:55,53.617047,8.482695
24-05-2017T12:00,53.628868999999995,8.455972000000001
24-05-2017T12:05,53.640845,8.427622
24-05-2017T12:10,53.653738,8.399399
24-05-2017T12:15,53.670111999999996,8.375778
24-05-2017T12:20,53.687068000000004,8.352146000000001
24-05-2017T12:25,53.702985999999996,8.325892999999999
24-05-2017T12:30,53.714935,8.293847
24-05-2017T12:35,53.726925,8.262188
24-05-2017T12:40,53.73820799999999,8.233361
24-05-2017T12:45,53.74895600000001,8.210247
24-05-2017T12:50,53.764603,8.183957000000001
24-05-2017T12:55,53.782818000000006,8.158914
24-05-2017T13:00,53.801182,8.135537
24-05-2017T13:05,53.819281999999994,8.1116
24-05-2017T13:10,53.832429000000005,8.081402
24-05-2017T13:15,53.842521999999995,8.047975
24-05-2017T13:20,53.850825,8.014218
24-05-2017T13:25,53.855754000000005,7.9785
24-05-2017T13:30,53.858986,7.94245
24-05-2017T13:35,53.861396,7.910711
24-05-2017T13:40,53.867259,7.891402
24-05-2017T13:45,53.87194399999999,7.869136999999999
24-05-2017T13:50,53.875034,7.844409
24-05-2017T13:55,53.877687,7.821019000000001
24-05-2017T14:00,53.880479,7.797766
24-05-2017T14:05,53.88407900000001,7.772786999999999
24-05-2017T14:10,53.889279,7.750314
24-05-2017T14:15,53.900921999999994,7.7378860000000005
24-05-2017T14:20,53.913675,7.726483
24-05-2017T14:25,53.925362,7.716259
24-05-2017T14:30,53.937169999999995,7.705371
24-05-2017T14:35,53.950731000000005,7.693294
24-05-2017T14:40,53.964133,7.681363
24-05-2017T14:45,53.97729399999999,7.669687
24-05-2017T14:50,53.990393999999995,7.657953
24-05-2017T14:55,54.003418999999994,7.64619
24-05-2017T15:00,54.016486,7.634573
24-05-2017T15:05,54.029565000000005,7.622832000000001
24-05-2017T15:10,54.042642,7.611097
24-05-2017T15:15,54.055845999999995,7.599164
24-05-2017T15:20,54.069151,7.587321
24-05-2017T15:25,54.082356999999995,7.5754779999999995
24-05-2017T15:30,54.09539,7.563752
24-05-2017T15:35,54.108349,7.5521970000000005
24-05-2017T15:40,54.121196999999995,7.540605
24-05-2017T15:45,54.134101,7.529000999999999
24-05-2017T15:50,54.147039,7.517375
24-05-2017T15:55,54.16,7.505752
24-05-2017T16:00,54.172968000000004,7.494549
24-05-2017T16:05,54.186117,7.484686
24-05-2017T16:10,54.199087,7.474275
24-05-2017T16:15,54.212274,7.463616
24-05-2017T16:20,54.225586,7.453272
24-05-2017T16:25,54.238888,7.4431020000000006
24-05-2017T16:30,54.251999,7.4326300000000005
24-05-2017T16:35,54.265189,7.422528999999999
24-05-2017T16:40,54.278238,7.411994
24-05-2017T16:45,54.291323999999996,7.40181
24-05-2017T16:50,54.304242,7.391578999999999
24-05-2017T16:55,54.31714100000001,7.381597999999999
24-05-2017T17:00,54.33000500000001,7.371481
24-05-2017T17:05,54.342788,7.361194
24-05-2017T17:10,54.355578,7.351282
24-05-2017T17:15,54.36826800000001,7.340835
24-05-2017T17:20,54.381051,7.330699000000001
24-05-2017T17:25,54.393892,7.320542999999999
24-05-2017T17:30,54.407272999999996,7.310254
24-05-2017T17:35,54.420663,7.299474000000001
24-05-2017T17:40,54.434185,7.289135000000001
24-05-2017T17:45,54.44839,7.281072999999999
24-05-2017T17:50,54.462635999999996,7.273347
24-05-2017T17:55,54.476778,7.26538
24-05-2017T18:00,54.490745999999994,7.256791000000001
24-05-2017T18:05,54.504289,7.247253
24-05-2017T18:10,54.517549,7.236769000000001
24-05-2017T18:15,54.530545999999994,7.225575999999999
24-05-2017T18:20,54.543277,7.213661
24-05-2017T18:25,54.556148,7.2021679999999995
24-05-2017T18:30,54.568881000000005,7.190189
24-05-2017T18:35,54.581807,7.1787149999999995
24-05-2017T18:40,54.59465600000001,7.167039999999999
24-05-2017T18:45,54.607429,7.155234
24-05-2017T18:50,54.620291,7.143553999999999
24-05-2017T18:55,54.633026,7.131811
24-05-2017T19:00,54.64606800000001,7.121356
24-05-2017T19:05,54.659234999999995,7.1108139999999995
24-05-2017T19:10,54.672311,7.099997
24-05-2017T19:15,54.685522,7.089592
24-05-2017T19:20,54.698841,7.079557
24-05-2017T19:25,54.711991000000005,7.068817
24-05-2017T19:30,54.725217,7.058267999999999
24-05-2017T19:35,54.738636,7.047821000000001
24-05-2017T19:40,54.75194499999999,7.037063000000001
24-05-2017T19:45,54.765271999999996,7.026267
24-05-2017T19:50,54.778587,7.015654
24-05-2017T19:55,54.79203100000001,7.00508
24-05-2017T20:00,54.805439,6.994242
24-05-2017T20:05,54.818783999999994,6.983362
24-05-2017T20:10,54.832292,6.973097
24-05-2017T20:15,54.84561,6.9623919999999995
24-05-2017T20:20,54.859072,6.951886999999999
24-05-2017T20:25,54.872329,6.940847
24-05-2017T20:30,54.885775,6.929991
24-05-2017T20:35,54.899345,6.919525999999999
24-05-2017T20:40,54.912866,6.908792999999999
24-05-2017T20:45,54.92633000000001,6.8978470000000005
24-05-2017T20:50,54.939725,6.886633
24-05-2017T20:55,54.953334999999996,6.875841
24-05-2017T21:00,54.967138,6.865316
24-05-2017T21:05,54.980546,6.854961
24-05-2017T21:10,54.991032,6.846602000000001
24-05-2017T21:15,55.001029,6.837573
24-05-2017T21:20,55.014336,6.8268
24-05-2017T21:25,55.027816,6.816478
24-05-2017T21:30,55.041166000000004,6.8060089999999995
24-05-2017T21:35,55.054343,6.795105
24-05-2017T21:40,55.067655,6.784608
24-05-2017T21:45,55.080955,6.773802000000001
24-05-2017T21:50,55.094226,6.762792
24-05-2017T21:55,55.107673999999996,6.752264
24-05-2017T22:00,55.121198,6.741756
24-05-2017T22:05,55.134638,6.730722999999999
24-05-2017T22:10,55.14818,6.720022
24-05-2017T22:15,55.161660999999995,6.709165
24-05-2017T22:20,55.175129000000005,6.697939999999999
24-05-2017T22:25,55.188683,6.686942999999999
24-05-2017T22:30,55.202372,6.67622
24-05-2017T22:35,55.216083,6.665172999999999
24-05-2017T22:40,55.229806,6.65407
24-05-2017T22:45,55.243616,6.642796000000001
24-05-2017T22:50,55.257445999999995,6.631691
24-05-2017T22:55,55.271176000000004,6.620823
24-05-2017T23:00,55.284892000000006,6.610038
24-05-2017T23:05,55.298549,6.598689
24-05-2017T23:10,55.312332,6.5873919999999995
24-05-2017T23:15,55.326145999999994,6.576258999999999
24-05-2017T23:20,55.339907,6.5650759999999995
24-05-2017T23:25,55.353696,6.554017
24-05-2017T23:30,55.367642000000004,6.543607
24-05-2017T23:35,55.381753,6.53491
24-05-2017T23:40,55.394383999999995,6.52775
24-05-2017T23:45,55.406587,6.522533
24-05-2017T23:50,55.41891,6.518095
24-05-2017T23:55,55.43131700000001,6.513692
25-05-2017T00:00,55.444568999999994,6.505415
25-05-2017T00:05,55.458344,6.4954220000000005
25-05-2017T00:10,55.472046,6.484699
25-05-2017T00:15,55.485756,6.4741480000000005
25-05-2017T00:20,55.499486,6.4637199999999995
25-05-2017T00:25,55.513413,6.453623
25-05-2017T00:30,55.52759399999999,6.4445120000000005
25-05-2017T00:35,55.541810999999996,6.435667
25-05-2017T00:40,55.556022,6.426716000000001
25-05-2017T00:45,55.570298,6.417882
25-05-2017T00:50,55.58463100000001,6.4091629999999995
25-05-2017T00:55,55.598904000000005,6.400022
25-05-2017T01:00,55.613209,6.3913709999999995
25-05-2017T01:05,55.6274,6.3821959999999995
25-05-2017T01:10,55.641653000000005,6.373425
25-05-2017T01:15,55.656183,6.366524
25-05-2017T01:20,55.671004,6.362106
25-05-2017T01:25,55.685793000000004,6.358055
25-05-2017T01:30,55.700472,6.353815
25-05-2017T01:35,55.714428000000005,6.345306
25-05-2017T01:40,55.728223,6.335582
25-05-2017T01:45,55.741989000000004,6.3255230000000005
25-05-2017T01:50,55.755718,6.315266
25-05-2017T01:55,55.76949499999999,6.305046
25-05-2017T02:00,55.783381000000006,6.295272
25-05-2017T02:05,55.797235,6.28506
25-05-2017T02:10,55.811178000000005,6.274948999999999
25-05-2017T02:15,55.825051,6.2644269999999995
25-05-2017T02:20,55.839034,6.2544900000000005
25-05-2017T02:25,55.852878000000004,6.244015
25-05-2017T02:30,55.867045999999995,6.235393
25-05-2017T02:35,55.88185,6.232531
25-05-2017T02:40,55.896694,6.230242
25-05-2017T02:45,55.911542000000004,6.228605
25-05-2017T02:50,55.926215,6.224928
25-05-2017T02:55,55.939930000000004,6.214186
25-05-2017T03:00,55.95353000000001,6.202456
25-05-2017T03:05,55.967036,6.1904699999999995
25-05-2017T03:10,55.98060400000001,6.178457
25-05-2017T03:15,55.994229000000004,6.166415
25-05-2017T03:20,56.008005000000004,6.156312000000001
25-05-2017T03:25,56.021980000000006,6.148683
25-05-2017T03:30,56.035982999999995,6.141563
25-05-2017T03:35,56.049705,6.132869
25-05-2017T03:40,56.063072,6.122272
25-05-2017T03:45,56.076251,6.1106739999999995
25-05-2017T03:50,56.089388,6.098922
25-05-2017T03:55,56.102458,6.0871010000000005
25-05-2017T04:00,56.115543,6.075487
25-05-2017T04:05,56.129362,6.067721
25-05-2017T04:10,56.14305,6.058741
25-05-2017T04:15,56.157140000000005,6.052169999999999
25-05-2017T04:20,56.171473999999996,6.0472980000000005
25-05-2017T04:25,56.185853,6.042707
25-05-2017T04:30,56.200188,6.038145
25-05-2017T04:35,56.214417000000005,6.033139
25-05-2017T04:40,56.228551,6.026685
25-05-2017T04:45,56.242349,6.019057
25-05-2017T04:50,56.255452000000005,6.008125
25-05-2017T04:55,56.268306,5.995573
25-05-2017T05:00,56.281293000000005,5.983161
25-05-2017T05:05,56.294247999999996,5.970549
25-05-2017T05:10,56.307156000000006,5.957915
25-05-2017T05:15,56.320448999999996,5.946869
25-05-2017T05:20,56.334286,5.938093
25-05-2017T05:25,56.34810600000001,5.9293059999999995
25-05-2017T05:30,56.361931999999996,5.920711
25-05-2017T05:35,56.375595999999994,5.911822
25-05-2017T05:40,56.389312,5.903452
25-05-2017T05:45,56.402979,5.894784
25-05-2017T05:50,56.416540000000005,5.885655
25-05-2017T05:55,56.430240000000005,5.877029
25-05-2017T06:00,56.443903000000006,5.8684709999999995
25-05-2017T06:05,56.457389,5.859552
25-05-2017T06:10,56.470895,5.851102
25-05-2017T06:15,56.484443000000006,5.842843
25-05-2017T06:20,56.498048,5.834012
25-05-2017T06:25,56.511694999999996,5.825189
25-05-2017T06:30,56.525414000000005,5.816568
25-05-2017T06:35,56.539114,5.807904
25-05-2017T06:40,56.552718999999996,5.799087
25-05-2017T06:45,56.566686,5.791631
25-05-2017T06:50,56.580664,5.784351999999999
25-05-2017T06:55,56.594822,5.778211
25-05-2017T07:00,56.608216000000006,5.7690269999999995
25-05-2017T07:05,56.621409,5.758604
25-05-2017T07:10,56.634536,5.748047
25-05-2017T07:15,56.648075,5.739164
25-05-2017T07:20,56.661478,5.729975
25-05-2017T07:25,56.674872,5.720896
25-05-2017T07:30,56.688396999999995,5.712339
25-05-2017T07:35,56.702183,5.703538
25-05-2017T07:40,56.716115,5.694541
25-05-2017T07:45,56.730066,5.685679
25-05-2017T07:50,56.743887,5.676672
25-05-2017T07:55,56.75775600000001,5.667896
25-05-2017T08:00,56.771544999999996,5.659047
25-05-2017T08:05,56.785049,5.649571
25-05-2017T08:10,56.798148,5.638688
25-05-2017T08:15,56.811156000000004,5.626779
25-05-2017T08:20,56.824414000000004,5.614823
25-05-2017T08:25,56.837649,5.602879
25-05-2017T08:30,56.850893000000006,5.591344
25-05-2017T08:35,56.863967,5.579415
25-05-2017T08:40,56.877081999999994,5.567506
25-05-2017T08:45,56.890375,5.555607
25-05-2017T08:50,56.903613,5.543456
25-05-2017T08:55,56.916856,5.531457
25-05-2017T09:00,56.93011,5.519274
25-05-2017T09:05,56.943466,5.507567
25-05-2017T09:10,56.956168999999996,5.496276
25-05-2017T09:15,56.966449,5.486989
25-05-2017T09:20,56.976154,5.478029
25-05-2017T09:25,56.984145,5.47042
25-05-2017T09:30,56.990653,5.4641269999999995
25-05-2017T09:35,57.000958,5.454498
25-05-2017T09:40,57.013867000000005,5.442924
25-05-2017T09:45,57.026867,5.431163
25-05-2017T09:50,57.039984,5.419519
25-05-2017T09:55,57.053107,5.40792
25-05-2017T10:00,57.066091,5.395776000000001
25-05-2017T10:05,57.079117000000004,5.3836379999999995
25-05-2017T10:10,57.092302000000004,5.3720099999999995
25-05-2017T10:15,57.105332,5.360041000000001
25-05-2017T10:20,57.118315,5.348177
25-05-2017T10:25,57.131322,5.336498000000001
25-05-2017T10:30,57.144181,5.324447
25-05-2017T10:35,57.157157999999995,5.312896
25-05-2017T10:40,57.169982,5.300789
25-05-2017T10:45,57.182942000000004,5.288989
25-05-2017T10:50,57.196068999999994,5.277474
25-05-2017T10:55,57.209012,5.265322
25-05-2017T11:00,57.221644,5.254296
25-05-2017T11:05,57.233456000000004,5.243775
25-05-2017T11:10,57.237954,5.242694
25-05-2017T11:15,57.236920999999995,5.243156
25-05-2017T11:20,57.23582,5.244172
25-05-2017T11:25,57.234898,5.245808
25-05-2017T11:30,57.234026,5.248031
25-05-2017T11:35,57.233211,5.250655999999999
25-05-2017T11:40,57.232046999999994,5.251966
25-05-2017T11:45,57.231010999999995,5.2533389999999995
25-05-2017T11:50,57.2349,5.252954
25-05-2017T11:55,57.245635,5.245208
25-05-2017T12:00,57.258210999999996,5.235415
25-05-2017T12:05,57.270938,5.225504
25-05-2017T12:10,57.283621999999994,5.215699
25-05-2017T12:15,57.295902000000005,5.203907
25-05-2017T12:20,57.308161,5.191492
25-05-2017T12:25,57.32023,5.178577
25-05-2017T12:30,57.3326,5.165908
25-05-2017T12:35,57.345164000000004,5.152903
25-05-2017T12:40,57.35746999999999,5.138562
25-05-2017T12:45,57.369977,5.1242980000000005
25-05-2017T12:50,57.382321999999995,5.109801999999999
25-05-2017T12:55,57.394701,5.095194
25-05-2017T13:00,57.40702099999999,5.080424
25-05-2017T13:05,57.41978100000001,5.066944
25-05-2017T13:10,57.433111,5.054889
25-05-2017T13:15,57.446575,5.042941000000001
25-05-2017T13:20,57.460141,5.031576
25-05-2017T13:25,57.473864,5.020894
25-05-2017T13:30,57.487492,5.009868
25-05-2017T13:35,57.500804,4.997418
25-05-2017T13:40,57.514292000000005,4.98535
25-05-2017T13:45,57.52771800000001,4.97276
25-05-2017T13:50,57.541278000000005,4.960495
25-05-2017T13:55,57.554765,4.948109
25-05-2017T14:00,57.568171,4.935708
25-05-2017T14:05,57.581467,4.9229970000000005
25-05-2017T14:10,57.594952,4.910933999999999
25-05-2017T14:15,57.608481000000005,4.898707
25-05-2017T14:20,57.621922,4.885842
25-05-2017T14:25,57.635532999999995,4.873302
25-05-2017T14:30,57.649278,4.860851
25-05-2017T14:35,57.663008,4.847954
25-05-2017T14:40,57.676868000000006,4.8350480000000005
25-05-2017T14:45,57.690746,4.822179
25-05-2017T14:50,57.704739000000004,4.8094269999999995
25-05-2017T14:55,57.718553,4.796451
25-05-2017T15:00,57.732352,4.783384
25-05-2017T15:05,57.746316,4.770787
25-05-2017T15:10,57.76019300000001,4.757897
25-05-2017T15:15,57.773949,4.745196
25-05-2017T15:20,57.78775,4.732245
25-05-2017T15:25,57.801705000000005,4.719569
25-05-2017T15:30,57.815608,4.706517
25-05-2017T15:35,57.829325,4.693778
25-05-2017T15:40,57.842877,4.6808510000000005
25-05-2017T15:45,57.85663100000001,4.668594000000001
25-05-2017T15:50,57.870157999999996,4.655905000000001
25-05-2017T15:55,57.883603,4.644003
25-05-2017T16:00,57.89699,4.632396
25-05-2017T16:05,57.910472,4.6209370000000005
25-05-2017T16:10,57.923917,4.609408999999999
25-05-2017T16:15,57.937206999999994,4.598483
25-05-2017T16:20,57.950325,4.586919
25-05-2017T16:25,57.963814,4.57605
25-05-2017T16:30,57.977204,4.5647839999999995
25-05-2017T16:35,57.990664,4.553640000000001
25-05-2017T16:40,58.003999,4.541982
25-05-2017T16:45,58.017438,4.530462
25-05-2017T16:50,58.030834999999996,4.51938
25-05-2017T16:55,58.044163,4.507884
25-05-2017T17:00,58.057624,4.496694000000001
25-05-2017T17:05,58.071086,4.48569
25-05-2017T17:10,58.084336,4.4743379999999995
25-05-2017T17:15,58.097717,4.462836
25-05-2017T17:20,58.111402000000005,4.4513419999999995
25-05-2017T17:25,58.12508100000001,4.439274
25-05-2017T17:30,58.13904300000001,4.4280040000000005
25-05-2017T17:35,58.152839,4.416091000000001
25-05-2017T17:40,58.166724,4.404219
25-05-2017T17:45,58.18052900000001,4.392437999999999
25-05-2017T17:50,58.19481999999999,4.384116000000001
25-05-2017T17:55,58.209856,4.382697
25-05-2017T18:00,58.22495,4.380204
25-05-2017T18:05,58.239724,4.377829
25-05-2017T18:10,58.253609,4.371548000000001
25-05-2017T18:15,58.266478,4.3592
25-05-2017T18:20,58.279279,4.345781
25-05-2017T18:25,58.29210500000001,4.331487
25-05-2017T18:30,58.305094,4.317411
25-05-2017T18:35,58.317997999999996,4.303045
25-05-2017T18:40,58.33096,4.288543
25-05-2017T18:45,58.344175,4.274518
25-05-2017T18:50,58.357364000000004,4.259988
25-05-2017T18:55,58.370376,4.24538
25-05-2017T19:00,58.38327099999999,4.231118
25-05-2017T19:05,58.396195999999996,4.217436
25-05-2017T19:10,58.40888100000001,4.203455
25-05-2017T19:15,58.42159100000001,4.18947
25-05-2017T19:20,58.434516,4.176215
25-05-2017T19:25,58.447972,4.164983
25-05-2017T19:30,58.461428000000005,4.15361
25-05-2017T19:35,58.474768999999995,4.141701
25-05-2017T19:40,58.488324,4.130269
25-05-2017T19:45,58.501792,4.1187629999999995
25-05-2017T19:50,58.515324,4.106996
25-05-2017T19:55,58.529003,4.0957099999999995
25-05-2017T20:00,58.542607,4.0839360000000005
25-05-2017T20:05,58.556135999999995,4.071865
25-05-2017T20:10,58.56966,4.060537999999999
25-05-2017T20:15,58.583062,4.048776999999999
25-05-2017T20:20,58.596531000000006,4.0374099999999995
25-05-2017T20:25,58.60986,4.025723
25-05-2017T20:30,58.623176,4.014589
25-05-2017T20:35,58.636415,4.003385
25-05-2017T20:40,58.649503,3.991597
25-05-2017T20:45,58.662776,3.980483
25-05-2017T20:50,58.675931999999996,3.968919
25-05-2017T20:55,58.689161,3.9575
25-05-2017T21:00,58.702381,3.945929
25-05-2017T21:05,58.715757999999994,3.934921
25-05-2017T21:10,58.729154,3.923561
25-05-2017T21:15,58.742474,3.911519
25-05-2017T21:20,58.755939,3.9001080000000004
25-05-2017T21:25,58.769364,3.888554
25-05-2017T21:30,58.782729,3.876642
25-05-2017T21:35,58.796195,3.865047
25-05-2017T21:40,58.80981800000001,3.853828
25-05-2017T21:45,58.823316000000005,3.842164
25-05-2017T21:50,58.836712,3.8304110000000002
25-05-2017T21:55,58.850120999999994,3.8187800000000003
25-05-2017T22:00,58.863503,3.8074769999999996
25-05-2017T22:05,58.876732999999994,3.795528
25-05-2017T22:10,58.89004,3.7845120000000003
25-05-2017T22:15,58.903208,3.773189
25-05-2017T22:20,58.916343000000005,3.761399
25-05-2017T22:25,58.929671,3.750254
25-05-2017T22:30,58.942863,3.7388209999999997
25-05-2017T22:35,58.955976,3.726858
25-05-2017T22:40,58.969148,3.7150839999999996
25-05-2017T22:45,58.982156999999994,3.704513
25-05-2017T22:50,58.99473199999999,3.693807
25-05-2017T22:55,59.007256999999996,3.682789
25-05-2017T23:00,59.019684,3.67133
25-05-2017T23:05,59.032646,3.661925
25-05-2017T23:10,59.046738,3.6585900000000002
25-05-2017T23:15,59.060902,3.655821
25-05-2017T23:20,59.074647999999996,3.653142
25-05-2017T23:25,59.087731000000005,3.650605
25-05-2017T23:30,59.100632,3.64826
25-05-2017T23:35,59.113764,3.645914
25-05-2017T23:40,59.127626,3.643734
25-05-2017T23:45,59.141385,3.6405529999999997
25-05-2017T23:50,59.154438,3.6380489999999996
25-05-2017T23:55,59.167939000000004,3.6363809999999996
26-05-2017T00:00,59.181127000000004,3.633899
26-05-2017T00:05,59.194127,3.6311129999999996
26-05-2017T00:10,59.207739000000004,3.6288080000000003
26-05-2017T00:15,59.221254,3.626014
26-05-2017T00:20,59.234286,3.623098
26-05-2017T00:25,59.24748,3.621312
26-05-2017T00:30,59.260541,3.6184540000000003
26-05-2017T00:35,59.273374,3.616582
26-05-2017T00:40,59.286761,3.614062
26-05-2017T00:45,59.30024,3.611221
26-05-2017T00:50,59.313418999999996,3.6083410000000002
26-05-2017T00:55,59.3264,3.605915
26-05-2017T01:00,59.339652,3.603385
26-05-2017T01:05,59.353436,3.6012269999999997
26-05-2017T01:10,59.367121,3.5983080000000003
26-05-2017T01:15,59.380851,3.596135
26-05-2017T01:20,59.394831,3.59355
26-05-2017T01:25,59.408823999999996,3.590672
26-05-2017T01:30,59.42290500000001,3.588421
26-05-2017T01:35,59.437115000000006,3.5858309999999998
26-05-2017T01:40,59.451404000000004,3.5830550000000003
26-05-2017T01:45,59.465697,3.579903
26-05-2017T01:50,59.48004399999999,3.5771269999999995
26-05-2017T01:55,59.494538,3.5747
26-05-2017T02:00,59.509048,3.572254
26-05-2017T02:05,59.523442,3.5691040000000003
26-05-2017T02:10,59.537852,3.5662800000000003
26-05-2017T02:15,59.552094,3.563529
26-05-2017T02:20,59.566336,3.561182
26-05-2017T02:25,59.581741,3.5578870000000005
26-05-2017T02:30,59.598122,3.554714
26-05-2017T02:35,59.614802000000005,3.5516349999999997
26-05-2017T02:40,59.631547999999995,3.5489839999999995
26-05-2017T02:45,59.647079000000005,3.5462290000000003
26-05-2017T02:50,59.662066,3.5434050000000004
26-05-2017T02:55,59.676965,3.540517
26-05-2017T03:00,59.691827,3.5374519999999996
26-05-2017T03:05,59.70672,3.534324
26-05-2017T03:10,59.72164,3.5317019999999997
26-05-2017T03:15,59.736731999999996,3.5290239999999997
26-05-2017T03:20,59.751891,3.5260599999999998
26-05-2017T03:25,59.767001,3.523368
26-05-2017T03:30,59.781831000000004,3.5205870000000004
26-05-2017T03:35,59.796563,3.517781
26-05-2017T03:40,59.811347,3.515028
26-05-2017T03:45,59.826065,3.511915
26-05-2017T03:50,59.840782,3.5092839999999996
26-05-2017T03:55,59.85548000000001,3.5062580000000003
26-05-2017T04:00,59.870279000000004,3.503636
26-05-2017T04:05,59.885040000000004,3.5005089999999996
26-05-2017T04:10,59.899589,3.498061
26-05-2017T04:15,59.914165000000004,3.4948050000000004
26-05-2017T04:20,59.928829,3.4919230000000003
26-05-2017T04:25,59.943557,3.489586
26-05-2017T04:30,59.958443,3.486897
26-05-2017T04:35,59.97337099999999,3.4839029999999998
26-05-2017T04:40,59.988271,3.4812790000000002
26-05-2017T04:45,60.00308100000001,3.478195
26-05-2017T04:50,60.017929,3.4750769999999997
26-05-2017T04:55,60.032784,3.472494
26-05-2017T05:00,60.047614,3.4696300000000004
26-05-2017T05:05,60.062419999999996,3.4668769999999998
26-05-2017T05:10,60.07715699999999,3.463821
26-05-2017T05:15,60.09186999999999,3.461011
26-05-2017T05:20,60.106692,3.4583470000000003
26-05-2017T05:25,60.121465,3.4552629999999995
26-05-2017T05:30,60.136212,3.452625
26-05-2017T05:35,60.150955,3.449449
26-05-2017T05:40,60.165726,3.4470089999999995
26-05-2017T05:45,60.180572,3.44375
26-05-2017T05:50,60.195640000000004,3.441331
26-05-2017T05:55,60.210779,3.4380309999999996
26-05-2017T06:00,60.225814,3.4355510000000002
26-05-2017T06:05,60.240363,3.432801
26-05-2017T06:10,60.25494200000001,3.430096
26-05-2017T06:15,60.269579,3.4272720000000003
26-05-2017T06:20,60.28422,3.423885
26-05-2017T06:25,60.298867,3.4207699999999996
26-05-2017T06:30,60.313386,3.418504
26-05-2017T06:35,60.32771700000001,3.415199
26-05-2017T06:40,60.341815000000004,3.412825
26-05-2017T06:45,60.355924,3.410128
26-05-2017T06:50,60.37035699999999,3.407307
26-05-2017T06:55,60.384868999999995,3.40441
26-05-2017T07:00,60.399381999999996,3.4017699999999995
26-05-2017T07:05,60.413804000000006,3.398994
26-05-2017T07:10,60.42825,3.396181
26-05-2017T07:15,60.442679000000005,3.393066
26-05-2017T07:20,60.457251,3.39066
26-05-2017T07:25,60.471786,3.38769
26-05-2017T07:30,60.486462,3.384625
26-05-2017T07:35,60.501238,3.381644
26-05-2017T07:40,60.51612900000001,3.3794470000000003
26-05-2017T07:45,60.531193,3.376181
26-05-2017T07:50,60.54642,3.373379
26-05-2017T07:55,60.561595999999994,3.370268
26-05-2017T08:00,60.576609,3.3671290000000003
26-05-2017T08:05,60.591544999999996,3.3643330000000002
26-05-2017T08:10,60.606476,3.361457
26-05-2017T08:15,60.621475,3.3589510000000002
26-05-2017T08:20,60.636480000000006,3.3559
26-05-2017T08:25,60.651352,3.3527989999999996
26-05-2017T08:30,60.66615,3.350112
26-05-2017T08:35,60.68077099999999,3.346725
26-05-2017T08:40,60.695386,3.344149
26-05-2017T08:45,60.70991899999999,3.3412269999999995
26-05-2017T08:50,60.724361,3.338457
26-05-2017T08:55,60.73876,3.335752
26-05-2017T09:00,60.753429000000004,3.33278
26-05-2017T09:05,60.768178000000006,3.3299830000000004
26-05-2017T09:10,60.782897,3.3282410000000002
26-05-2017T09:15,60.797633999999995,3.327413
26-05-2017T09:20,60.81227,3.3263309999999997
26-05-2017T09:25,60.827011999999996,3.324582
26-05-2017T09:30,60.841939,3.3235919999999997
26-05-2017T09:35,60.857006000000005,3.3221800000000004
26-05-2017T09:40,60.872089,3.3205199999999997
26-05-2017T09:45,60.887240000000006,3.319472
26-05-2017T09:50,60.902464,3.317708
26-05-2017T09:55,60.917730000000006,3.3163730000000005
26-05-2017T10:00,60.933057,3.3152
26-05-2017T10:05,60.94844499999999,3.313965
26-05-2017T10:10,60.963843999999995,3.3122580000000004
26-05-2017T10:15,60.97929,3.311128
26-05-2017T10:20,60.994767,3.309394
26-05-2017T10:25,61.010267000000006,3.3086309999999997
26-05-2017T10:30,61.025599,3.307
26-05-2017T10:35,61.040678,3.305367
26-05-2017T10:40,61.05557099999999,3.304278
26-05-2017T10:45,61.070429000000004,3.302918
26-05-2017T10:50,61.085103000000004,3.301799
26-05-2017T10:55,61.099359,3.3001989999999997
26-05-2017T11:00,61.104870999999996,3.298111
26-05-2017T11:05,61.10556,3.2968830000000002
26-05-2017T11:10,61.105526,3.29455
26-05-2017T11:15,61.104686,3.29379
26-05-2017T11:20,61.105258,3.2944970000000002
26-05-2017T11:25,61.106159999999996,3.2953339999999995
26-05-2017T11:30,61.106494,3.298057
26-05-2017T11:35,61.105990000000006,3.2987230000000003
26-05-2017T11:40,61.105963,3.298118
26-05-2017T11:45,61.106434,3.2975980000000003
26-05-2017T11:50,61.107388,3.2973470000000002
26-05-2017T11:55,61.108433,3.298033
26-05-2017T12:00,61.109444999999994,3.2989010000000003
26-05-2017T12:05,61.110657999999994,3.2988230000000005
26-05-2017T12:10,61.11297,3.2962910000000005
26-05-2017T12:15,61.120952,3.29466
26-05-2017T12:20,61.13424499999999,3.294572
26-05-2017T12:25,61.149133,3.295618
26-05-2017T12:30,61.164015,3.296839
26-05-2017T12:35,61.178931000000006,3.2950019999999998
26-05-2017T12:40,61.194015,3.292554
26-05-2017T12:45,61.209357999999995,3.2908699999999995
26-05-2017T12:50,61.224768999999995,3.2894650000000003
26-05-2017T12:55,61.240021,3.287919
26-05-2017T13:00,61.255303000000005,3.2861190000000002
26-05-2017T13:05,61.2706,3.285024
26-05-2017T13:10,61.285824,3.283287
26-05-2017T13:15,61.300916,3.2821019999999996
26-05-2017T13:20,61.315940000000005,3.280616
26-05-2017T13:25,61.330951,3.279356
26-05-2017T13:30,61.345997,3.278318
26-05-2017T13:35,61.361031999999994,3.2768260000000002
26-05-2017T13:40,61.375918999999996,3.27542
26-05-2017T13:45,61.390824,3.274466
26-05-2017T13:50,61.405719,3.273094
26-05-2017T13:55,61.420513,3.271578
26-05-2017T14:00,61.435308,3.2698669999999996
26-05-2017T14:05,61.450227000000005,3.268911
26-05-2017T14:10,61.465339,3.267736
26-05-2017T14:15,61.480349,3.265765
26-05-2017T14:20,61.495304000000004,3.26447
26-05-2017T14:25,61.510126,3.2631259999999997
26-05-2017T14:30,61.524857,3.2619279999999997
26-05-2017T14:35,61.539533999999996,3.260313
26-05-2017T14:40,61.554104,3.259403
26-05-2017T14:45,61.568645,3.257786
26-05-2017T14:50,61.583090000000006,3.2567209999999998
26-05-2017T14:55,61.597515,3.25544
26-05-2017T15:00,61.612002000000004,3.253922
26-05-2017T15:05,61.626546999999995,3.252293
26-05-2017T15:10,61.641009999999994,3.2513080000000003
26-05-2017T15:15,61.655427,3.250212
26-05-2017T15:20,61.669874,3.248593
26-05-2017T15:25,61.68439300000001,3.247576
26-05-2017T15:30,61.699098,3.246142
26-05-2017T15:35,61.713767000000004,3.24514
26-05-2017T15:40,61.728353000000006,3.243348
26-05-2017T15:45,61.742793999999996,3.242035
26-05-2017T15:50,61.757141000000004,3.240946
26-05-2017T15:55,61.771570999999994,3.239102
26-05-2017T16:00,61.786643999999995,3.2379580000000003
26-05-2017T16:05,61.801635,3.2368360000000003
26-05-2017T16:10,61.816447,3.2354130000000003
26-05-2017T16:15,61.83136,3.2339990000000003
26-05-2017T16:20,61.846396999999996,3.232904
26-05-2017T16:25,61.86117900000001,3.231563
26-05-2017T16:30,61.875491000000004,3.229898
26-05-2017T16:35,61.889917000000004,3.22857
26-05-2017T16:40,61.904442,3.226961
26-05-2017T16:45,61.919061,3.226207
26-05-2017T16:50,61.933904000000005,3.224615
26-05-2017T16:55,61.948857999999994,3.223261
26-05-2017T17:00,61.963814,3.221393
26-05-2017T17:05,61.978871999999996,3.219975
26-05-2017T17:10,61.993868000000006,3.218725
26-05-2017T17:15,62.008798,3.217017
26-05-2017T17:20,62.023731999999995,3.214089
26-05-2017T17:25,62.038731000000006,3.2117240000000002
26-05-2017T17:30,62.053633,3.209343
26-05-2017T17:35,62.068268,3.206341
26-05-2017T17:40,62.082910999999996,3.2036849999999997
26-05-2017T17:45,62.097776,3.204427
26-05-2017T17:50,62.112752,3.208236
26-05-2017T17:55,62.127781999999996,3.212724
26-05-2017T18:00,62.142375,3.221146
26-05-2017T18:05,62.156737,3.230871
26-05-2017T18:10,62.170972,3.24172
26-05-2017T18:15,62.183754,3.2584310000000003
26-05-2017T18:20,62.19531800000001,3.2783330000000004
26-05-2017T18:25,62.205977000000004,3.300276
26-05-2017T18:30,62.216508999999995,3.322483
26-05-2017T18:35,62.226953,3.345041
26-05-2017T18:40,62.237506999999994,3.367519
26-05-2017T18:45,62.247937,3.389796
26-05-2017T18:50,62.25830799999999,3.4122489999999996
26-05-2017T18:55,62.269056000000006,3.4349019999999997
26-05-2017T19:00,62.280074,3.456784
26-05-2017T19:05,62.29399300000001,3.465968
26-05-2017T19:10,62.308579,3.4625489999999997
26-05-2017T19:15,62.322926,3.453403
26-05-2017T19:20,62.337109,3.4436139999999997
26-05-2017T19:25,62.351366000000006,3.4346059999999996
26-05-2017T19:30,62.36554399999999,3.42507
26-05-2017T19:35,62.379707999999994,3.4156839999999997
26-05-2017T19:40,62.393836,3.406591
26-05-2017T19:45,62.407989,3.3973519999999997
26-05-2017T19:50,62.422149,3.3876150000000003
26-05-2017T19:55,62.43650600000001,3.378618
26-05-2017T20:00,62.450504,3.3692879999999996
26-05-2017T20:05,62.464291,3.359854
26-05-2017T20:10,62.478191,3.351065
26-05-2017T20:15,62.492123,3.341858
26-05-2017T20:20,62.506013,3.3323949999999996
26-05-2017T20:25,62.519856999999995,3.3229800000000003
26-05-2017T20:30,62.533823999999996,3.313876
26-05-2017T20:35,62.547851,3.3051120000000003
26-05-2017T20:40,62.561774,3.2955650000000003
26-05-2017T20:45,62.575767000000006,3.286604
26-05-2017T20:50,62.589805000000005,3.27714
26-05-2017T20:55,62.603898,3.267946
26-05-2017T21:00,62.617892000000005,3.258356
26-05-2017T21:05,62.631954,3.249386
26-05-2017T21:10,62.645939,3.2403020000000002
26-05-2017T21:15,62.659816000000006,3.230844
26-05-2017T21:20,62.673811,3.221736
26-05-2017T21:25,62.687664,3.2122919999999997
26-05-2017T21:30,62.701141,3.2029490000000003
26-05-2017T21:35,62.71475,3.193821
26-05-2017T21:40,62.728933999999995,3.1844639999999997
26-05-2017T21:45,62.743313,3.175248
26-05-2017T21:50,62.757597,3.1656619999999998
26-05-2017T21:55,62.771838,3.155956
26-05-2017T22:00,62.786147,3.1465560000000004
26-05-2017T22:05,62.80046,3.136804
26-05-2017T22:10,62.814893000000005,3.127049
26-05-2017T22:15,62.829547999999996,3.117627
26-05-2017T22:20,62.844216,3.107889
26-05-2017T22:25,62.859014,3.0980939999999997
26-05-2017T22:30,62.874026,3.089033
26-05-2017T22:35,62.889753000000006,3.082455
26-05-2017T22:40,62.90529599999999,3.076666
26-05-2017T22:45,62.920125,3.0727130000000002
26-05-2017T22:50,62.933156000000004,3.0686299999999997
26-05-2017T22:55,62.945997999999996,3.066691
26-05-2017T23:00,62.960728,3.064445
26-05-2017T23:05,62.975998,3.0606880000000003
26-05-2017T23:10,62.991089,3.057188
26-05-2017T23:15,63.006482,3.053846
26-05-2017T23:20,63.022018,3.0502290000000003
26-05-2017T23:25,63.037096999999996,3.0470040000000003
26-05-2017T23:30,63.051956000000004,3.043368
26-05-2017T23:35,63.066446,3.0400869999999998
26-05-2017T23:40,63.080498,3.036769
26-05-2017T23:45,63.09455500000001,3.032998
26-05-2017T23:50,63.108622,3.029772
26-05-2017T23:55,63.122611,3.02603
27-05-2017T00:00,63.136570999999996,3.023057
27-05-2017T00:05,63.150535,3.019644
27-05-2017T00:10,63.164623,3.016237
27-05-2017T00:15,63.178724,3.012929
27-05-2017T00:20,63.192916000000004,3.01002
27-05-2017T00:25,63.207167000000005,3.006583
27-05-2017T00:30,63.221517000000006,3.0030650000000003
27-05-2017T00:35,63.236001,2.999571
27-05-2017T00:40,63.250529,2.996404
27-05-2017T00:45,63.265117000000004,2.992796
27-05-2017T00:50,63.279531999999996,2.989332
27-05-2017T00:55,63.293953,2.985974
27-05-2017T01:00,63.308533,2.982886
27-05-2017T01:05,63.323184999999995,2.9790919999999996
27-05-2017T01:10,63.337824,2.975708
27-05-2017T01:15,63.35240699999999,2.972021
27-05-2017T01:20,63.366997,2.968864
27-05-2017T01:25,63.381524,2.9667310000000002
27-05-2017T01:30,63.396119999999996,2.965183
27-05-2017T01:35,63.410593000000006,2.964517
27-05-2017T01:40,63.424967,2.963119
27-05-2017T01:45,63.439156999999994,2.961635
27-05-2017T01:50,63.453222,2.960875
27-05-2017T01:55,63.467348,2.958201
27-05-2017T02:00,63.481487,2.95562
27-05-2017T02:05,63.495699,2.953375
27-05-2017T02:10,63.509898,2.9505310000000002
27-05-2017T02:15,63.52411,2.948445
27-05-2017T02:20,63.538299,2.945319
27-05-2017T02:25,63.55252900000001,2.943018
27-05-2017T02:30,63.566733,2.940799
27-05-2017T02:35,63.581033,2.937722
27-05-2017T02:40,63.595312,2.935148
27-05-2017T02:45,63.609591,2.9322060000000003
27-05-2017T02:50,63.624008999999994,2.929522
27-05-2017T02:55,63.638539,2.926864
27-05-2017T03:00,63.653107999999996,2.924467
27-05-2017T03:05,63.667736,2.92216
27-05-2017T03:10,63.682388,2.918978
27-05-2017T03:15,63.697061,2.9163810000000003
27-05-2017T03:20,63.711716,2.913977
27-05-2017T03:25,63.726377,2.911324
27-05-2017T03:30,63.741062,2.908368
27-05-2017T03:35,63.755805,2.905839
27-05-2017T03:40,63.770485,2.903377
27-05-2017T03:45,63.785157,2.9003330000000003
27-05-2017T03:50,63.799827,2.897597
27-05-2017T03:55,63.814525,2.895075
27-05-2017T04:00,63.829184,2.892302
27-05-2017T04:05,63.843697999999996,2.889995
27-05-2017T04:10,63.858183,2.887268
27-05-2017T04:15,63.872657,2.8841
27-05-2017T04:20,63.887363,2.881512
27-05-2017T04:25,63.902058999999994,2.878663
27-05-2017T04:30,63.916718,2.876068
27-05-2017T04:35,63.931281000000006,2.873491
27-05-2017T04:40,63.945842000000006,2.870764
27-05-2017T04:45,63.960397,2.8679509999999997
27-05-2017T04:50,63.974895,2.865675
27-05-2017T04:55,63.989354000000006,2.862519
27-05-2017T05:00,64.003901,2.860084
27-05-2017T05:05,64.01848000000001,2.857286
27-05-2017T05:10,64.033075,2.854718
27-05-2017T05:15,64.047685,2.8518689999999998
27-05-2017T05:20,64.062239,2.849398
27-05-2017T05:25,64.07681099999999,2.846731
27-05-2017T05:30,64.09147800000001,2.84376
27-05-2017T05:35,64.106272,2.841155
27-05-2017T05:40,64.121149,2.838168
27-05-2017T05:45,64.136045,2.835737
27-05-2017T05:50,64.150999,2.832551
27-05-2017T05:55,64.165952,2.8301220000000002
27-05-2017T06:00,64.18093499999999,2.827116
27-05-2017T06:05,64.195984,2.824417
27-05-2017T06:10,64.211202,2.821614
27-05-2017T06:15,64.225852,2.8193029999999997
27-05-2017T06:20,64.239937,2.816376
27-05-2017T06:25,64.253962,2.813236
27-05-2017T06:30,64.268087,2.8110169999999997
27-05-2017T06:35,64.282263,2.80845
27-05-2017T06:40,64.296472,2.805388
27-05-2017T06:45,64.31080899999999,2.803289
27-05-2017T06:50,64.325181,2.7999669999999997
27-05-2017T06:55,64.339743,2.797599
27-05-2017T07:00,64.35427299999999,2.794637
27-05-2017T07:05,64.368767,2.7916819999999998
27-05-2017T07:10,64.383256,2.789427
27-05-2017T07:15,64.39786,2.7868470000000003
27-05-2017T07:20,64.412614,2.78404
27-05-2017T07:25,64.427476,2.781172
27-05-2017T07:30,64.442412,2.778004
27-05-2017T07:35,64.457359,2.775111
27-05-2017T07:40,64.472414,2.772662
27-05-2017T07:45,64.487521,2.769724
27-05-2017T07:50,64.502729,2.7669669999999997
27-05-2017T07:55,64.517923,2.763861
27-05-2017T08:00,64.53299399999999,2.7612810000000003
27-05-2017T08:05,64.547958,2.758279
27-05-2017T08:10,64.56286300000001,2.755664
27-05-2017T08:15,64.577692,2.752431
27-05-2017T08:20,64.592559,2.750161
27-05-2017T08:25,64.607304,2.747229
27-05-2017T08:30,64.621995,2.7444889999999997
27-05-2017T08:35,64.636643,2.741325
27-05-2017T08:40,64.651385,2.738848
27-05-2017T08:45,64.6661,2.7358740000000004
27-05-2017T08:50,64.672398,2.727129
27-05-2017T08:55,64.672125,2.724761
27-05-2017T09:00,64.672494,2.724343
27-05-2017T09:05,64.673192,2.7250959999999997
27-05-2017T09:10,64.674449,2.726109
27-05-2017T09:15,64.67593199999999,2.727288
27-05-2017T09:20,64.677533,2.728556
27-05-2017T09:25,64.679211,2.729718
27-05-2017T09:30,64.680766,2.730929
27-05-2017T09:35,64.682096,2.737416
27-05-2017T09:40,64.693353,2.7395709999999998
27-05-2017T09:45,64.708607,2.734019
27-05-2017T09:50,64.723323,2.727868
27-05-2017T09:55,64.737954,2.722439
27-05-2017T10:00,64.752688,2.7198990000000003
27-05-2017T10:05,64.767393,2.7171060000000002
27-05-2017T10:10,64.781871,2.713898
27-05-2017T10:15,64.79632600000001,2.711292
27-05-2017T10:20,64.810819,2.708546
27-05-2017T10:25,64.825218,2.7055569999999998
27-05-2017T10:30,64.839528,2.703009
27-05-2017T10:35,64.85373100000001,2.700335
27-05-2017T10:40,64.86788100000001,2.697368
27-05-2017T10:45,64.88181999999999,2.6926419999999998
27-05-2017T10:50,64.896469,2.691737
27-05-2017T10:55,64.911741,2.6892810000000003
27-05-2017T11:00,64.92658,2.687534
27-05-2017T11:05,64.941388,2.6842029999999997
27-05-2017T11:10,64.95645999999999,2.6811380000000002
27-05-2017T11:15,64.97182099999999,2.6783259999999998
27-05-2017T11:20,64.987363,2.675245
27-05-2017T11:25,65.00273,2.6713259999999996
27-05-2017T11:30,65.01818,2.6688389999999997
27-05-2017T11:35,65.033535,2.665839
27-05-2017T11:40,65.048402,2.663216
27-05-2017T11:45,65.062976,2.659955
27-05-2017T11:50,65.07749799999999,2.657746
27-05-2017T11:55,65.092106,2.655093
27-05-2017T12:00,65.10678,2.6517009999999996
27-05-2017T12:05,65.121554,2.648507
27-05-2017T12:10,65.136365,2.6457439999999997
27-05-2017T12:15,65.151165,2.642824
27-05-2017T12:20,65.165966,2.64035
27-05-2017T12:25,65.178372,2.637547
27-05-2017T12:30,65.18991,2.6359470000000003
27-05-2017T12:35,65.203375,2.633687
27-05-2017T12:40,65.217262,2.630857
27-05-2017T12:45,65.231688,2.627952
27-05-2017T12:50,65.246151,2.625289
27-05-2017T12:55,65.26065,2.621793
27-05-2017T13:00,65.275464,2.619409
27-05-2017T13:05,65.290878,2.61653
27-05-2017T13:10,65.306237,2.6134169999999997
27-05-2017T13:15,65.321448,2.6099330000000003
27-05-2017T13:20,65.33673399999999,2.607186
27-05-2017T13:25,65.351908,2.604303
27-05-2017T13:30,65.36704300000001,2.60101
27-05-2017T13:35,65.38221999999999,2.598497
27-05-2017T13:40,65.39731,2.595239
27-05-2017T13:45,65.412338,2.5921689999999997
27-05-2017T13:50,65.427459,2.588925
27-05-2017T13:55,65.442617,2.586825
27-05-2017T14:00,65.457693,2.583272
27-05-2017T14:05,65.472695,2.580303
27-05-2017T14:10,65.48746,2.578284
27-05-2017T14:15,65.502185,2.574903
27-05-2017T14:20,65.51702,2.572025
27-05-2017T14:25,65.531785,2.568963
27-05-2017T14:30,65.546458,2.5665
27-05-2017T14:35,65.561109,2.563064
27-05-2017T14:40,65.575753,2.560336
27-05-2017T14:45,65.590373,2.557256
27-05-2017T14:50,65.60504300000001,2.554634
27-05-2017T14:55,65.619674,2.5519529999999997
27-05-2017T15:00,65.63438599999999,2.5488939999999998
27-05-2017T15:05,65.649158,2.546076
27-05-2017T15:10,65.66385,2.5428759999999997
27-05-2017T15:15,65.678473,2.54015
27-05-2017T15:20,65.692999,2.537776
27-05-2017T15:25,65.70752,2.535024
27-05-2017T15:30,65.72187199999999,2.531761
27-05-2017T15:35,65.736248,2.528518
27-05-2017T15:40,65.75073499999999,2.525618
27-05-2017T15:45,65.765275,2.52337
27-05-2017T15:50,65.77975699999999,2.5199990000000003
27-05-2017T15:55,65.794205,2.517582
27-05-2017T16:00,65.808549,2.5144
27-05-2017T16:05,65.822921,2.511851
27-05-2017T16:10,65.83728,2.508736
27-05-2017T16:15,65.851558,2.506224
27-05-2017T16:20,65.865711,2.5033540000000003
27-05-2017T16:25,65.879789,2.500622
27-05-2017T16:30,65.893788,2.497503
27-05-2017T16:35,65.907682,2.495004
27-05-2017T16:40,65.92166,2.4922470000000003
27-05-2017T16:45,65.935739,2.489082
27-05-2017T16:50,65.949863,2.4868099999999997
27-05-2017T16:55,65.96388,2.483622
27-05-2017T17:00,65.97789499999999,2.48117
27-05-2017T17:05,65.991845,2.478508
27-05-2017T17:10,66.005616,2.475118
27-05-2017T17:15,66.019436,2.472639
27-05-2017T17:20,66.03322,2.469952
27-05-2017T17:25,66.047024,2.467148
27-05-2017T17:30,66.05940600000001,2.465004
27-05-2017T17:35,66.065409,2.469766
27-05-2017T17:40,66.076198,2.478124
27-05-2017T17:45,66.090591,2.477887
27-05-2017T17:50,66.104837,2.474853
27-05-2017T17:55,66.119126,2.4732790000000002
27-05-2017T18:00,66.13343499999999,2.4738580000000003
27-05-2017T18:05,66.147786,2.476281
27-05-2017T18:10,66.162071,2.4780759999999997
27-05-2017T18:15,66.176331,2.4793580000000004
27-05-2017T18:20,66.190903,2.4817110000000002
27-05-2017T18:25,66.205678,2.483502
27-05-2017T18:30,66.22045200000001,2.485574
27-05-2017T18:35,66.235124,2.487567
27-05-2017T18:40,66.249605,2.489603
27-05-2017T18:45,66.264026,2.491002
27-05-2017T18:50,66.27859699999999,2.4931490000000003
27-05-2017T18:55,66.293234,2.495314
27-05-2017T19:00,66.308012,2.497377
27-05-2017T19:05,66.32278199999999,2.4991
27-05-2017T19:10,66.337515,2.5012849999999998
27-05-2017T19:15,66.352261,2.503142
27-05-2017T19:20,66.36702,2.505227
27-05-2017T19:25,66.381817,2.5070639999999997
27-05-2017T19:30,66.39668499999999,2.509509
27-05-2017T19:35,66.41156600000001,2.5111830000000004
27-05-2017T19:40,66.42649200000001,2.513327
27-05-2017T19:45,66.441489,2.51514
27-05-2017T19:50,66.456575,2.516896
27-05-2017T19:55,66.471641,2.519248
27-05-2017T20:00,66.486572,2.521423
27-05-2017T20:05,66.5014,2.523548
27-05-2017T20:10,66.516133,2.525316
27-05-2017T20:15,66.530808,2.527282
27-05-2017T20:20,66.545288,2.529432
27-05-2017T20:25,66.55964200000001,2.531124
27-05-2017T20:30,66.573864,2.532971
27-05-2017T20:35,66.58795500000001,2.534472
27-05-2017T20:40,66.602295,2.53682
27-05-2017T20:45,66.616738,2.5388669999999998
27-05-2017T20:50,66.631218,2.5405900000000003
27-05-2017T20:55,66.645581,2.542569
27-05-2017T21:00,66.659862,2.544637
27-05-2017T21:05,66.674145,2.546509
27-05-2017T21:10,66.688372,2.5488150000000003
27-05-2017T21:15,66.702564,2.550385
27-05-2017T21:20,66.716749,2.552546
27-05-2017T21:25,66.730983,2.5540830000000003
27-05-2017T21:30,66.745311,2.556407
27-05-2017T21:35,66.759915,2.558261
27-05-2017T21:40,66.774611,2.560038
27-05-2017T21:45,66.789245,2.562221
27-05-2017T21:50,66.803649,2.5642139999999998
27-05-2017T21:55,66.817914,2.5664830000000003
27-05-2017T22:00,66.83227,2.568151
27-05-2017T22:05,66.84649399999999,2.5702599999999998
27-05-2017T22:10,66.86077900000001,2.571641
27-05-2017T22:15,66.874974,2.574081
27-05-2017T22:20,66.888966,2.575821
27-05-2017T22:25,66.903165,2.5775580000000002
27-05-2017T22:30,66.917262,2.57974
27-05-2017T22:35,66.931221,2.581861
27-05-2017T22:40,66.945356,2.5834759999999997
27-05-2017T22:45,66.959558,2.585336
27-05-2017T22:50,66.97375500000001,2.585396
27-05-2017T22:55,66.98634399999999,2.578507
27-05-2017T23:00,66.99184,2.5814619999999997
27-05-2017T23:05,66.995075,2.604135
27-05-2017T23:10,67.007114,2.609796
27-05-2017T23:15,67.021141,2.61021
27-05-2017T23:20,67.03568800000001,2.6101349999999996
27-05-2017T23:25,67.050431,2.609696
27-05-2017T23:30,67.065387,2.608595
27-05-2017T23:35,67.080205,2.607332
27-05-2017T23:40,67.095076,2.605915
27-05-2017T23:45,67.110138,2.606372
27-05-2017T23:50,67.125137,2.609161
27-05-2017T23:55,67.140168,2.610763
28-05-2017T00:00,67.155178,2.613257
28-05-2017T00:05,67.170415,2.615487
28-05-2017T00:10,67.185559,2.618116
28-05-2017T00:15,67.200637,2.619709
28-05-2017T00:20,67.215568,2.622081
28-05-2017T00:25,67.230425,2.624129
28-05-2017T00:30,67.24534,2.626503
28-05-2017T00:35,67.260434,2.628406
28-05-2017T00:40,67.275341,2.6305520000000002
28-05-2017T00:45,67.290068,2.632973
28-05-2017T00:50,67.304974,2.634693
28-05-2017T00:55,67.319901,2.637255
28-05-2017T01:00,67.33465799999999,2.6392130000000003
28-05-2017T01:05,67.349238,2.641565
28-05-2017T01:10,67.363709,2.643478
28-05-2017T01:15,67.378158,2.645375
28-05-2017T01:20,67.392659,2.6475400000000002
28-05-2017T01:25,67.407232,2.649652
28-05-2017T01:30,67.42182700000001,2.651738
28-05-2017T01:35,67.43615,2.6539740000000003
28-05-2017T01:40,67.45061,2.6559049999999997
28-05-2017T01:45,67.465193,2.657968
28-05-2017T01:50,67.479569,2.660425
28-05-2017T01:55,67.49409,2.662328
28-05-2017T02:00,67.508605,2.664218
28-05-2017T02:05,67.52315300000001,2.666227
28-05-2017T02:10,67.537736,2.668459
28-05-2017T02:15,67.552227,2.670527
28-05-2017T02:20,67.56642,2.672819
28-05-2017T02:25,67.580804,2.674935
28-05-2017T02:30,67.59519300000001,2.677059
28-05-2017T02:35,67.60958199999999,2.679242
28-05-2017T02:40,67.62389499999999,2.681174
28-05-2017T02:45,67.63815799999999,2.683336
28-05-2017T02:50,67.652427,2.6857919999999997
28-05-2017T02:55,67.666719,2.687636
28-05-2017T03:00,67.681149,2.689699
28-05-2017T03:05,67.69565899999999,2.691432
28-05-2017T03:10,67.70969699999999,2.693854
28-05-2017T03:15,67.723648,2.695934
28-05-2017T03:20,67.737666,2.6979490000000004
28-05-2017T03:25,67.751681,2.699738
28-05-2017T03:30,67.765652,2.701879
28-05-2017T03:35,67.779411,2.704247
28-05-2017T03:40,67.793221,2.706227
28-05-2017T03:45,67.806979,2.708385
28-05-2017T03:50,67.820577,2.71014
28-05-2017T03:55,67.833966,2.712054
28-05-2017T04:00,67.847347,2.7138709999999997
28-05-2017T04:05,67.860881,2.716402
28-05-2017T04:10,67.87434499999999,2.718284
28-05-2017T04:15,67.887812,2.719984
28-05-2017T04:20,67.901083,2.722267
28-05-2017T04:25,67.91459,2.7242029999999997
28-05-2017T04:30,67.928343,2.726182
28-05-2017T04:35,67.942709,2.7278
28-05-2017T04:40,67.956929,2.7299330000000004
28-05-2017T04:45,67.971124,2.73271
28-05-2017T04:50,67.98543599999999,2.7351400000000003
28-05-2017T04:55,67.997801,2.738366
28-05-2017T05:00,68.002812,2.749378
28-05-2017T05:05,68.01473299999999,2.747861
28-05-2017T05:10,68.029167,2.741949
28-05-2017T05:15,68.043541,2.742298
28-05-2017T05:20,68.058157,2.744537
28-05-2017T05:25,68.072611,2.746709
28-05-2017T05:30,68.086892,2.748295
28-05-2017T05:35,68.101232,2.750745
28-05-2017T05:40,68.115172,2.752741
28-05-2017T05:45,68.12875,2.754249
28-05-2017T05:50,68.14227,2.756344
28-05-2017T05:55,68.156297,2.7584009999999997
28-05-2017T06:00,68.17028499999999,2.760182
28-05-2017T06:05,68.18438499999999,2.761904
28-05-2017T06:10,68.198442,2.764082
28-05-2017T06:15,68.212477,2.765652
28-05-2017T06:20,68.22643199999999,2.767783
28-05-2017T06:25,68.240474,2.769604
28-05-2017T06:30,68.254292,2.771946
28-05-2017T06:35,68.268198,2.773609
28-05-2017T06:40,68.28188399999999,2.775684
28-05-2017T06:45,68.295552,2.781542
28-05-2017T06:50,68.308693,2.789404
28-05-2017T06:55,68.32204,2.7971220000000003
28-05-2017T07:00,68.335103,2.804898
28-05-2017T07:05,68.34825,2.812957
28-05-2017T07:10,68.362225,2.820498
28-05-2017T07:15,68.375773,2.8289459999999997
28-05-2017T07:20,68.389688,2.836775
28-05-2017T07:25,68.403564,2.845384
28-05-2017T07:30,68.41731300000001,2.8534490000000003
28-05-2017T07:35,68.431151,2.8617790000000003
28-05-2017T07:40,68.445175,2.8700490000000003
28-05-2017T07:45,68.459094,2.878432
28-05-2017T07:50,68.473252,2.886567
28-05-2017T07:55,68.48725400000001,2.894458
28-05-2017T08:00,68.50108399999999,2.903132
28-05-2017T08:05,68.515098,2.911697
28-05-2017T08:10,68.529457,2.9199450000000002
28-05-2017T08:15,68.543872,2.928411
28-05-2017T08:20,68.558261,2.9371869999999998
28-05-2017T08:25,68.572642,2.945821
28-05-2017T08:30,68.587023,2.954361
28-05-2017T08:35,68.60139699999999,2.963
28-05-2017T08:40,68.61605899999999,2.971706
28-05-2017T08:45,68.630992,2.980756
28-05-2017T08:50,68.645853,2.9895110000000003
28-05-2017T08:55,68.660438,2.998367
28-05-2017T09:00,68.67502900000001,3.0071
28-05-2017T09:05,68.689805,3.015895
28-05-2017T09:10,68.70451800000001,3.024572
28-05-2017T09:15,68.719034,3.033385
28-05-2017T09:20,68.733432,3.041492
28-05-2017T09:25,68.74746400000001,3.050813
28-05-2017T09:30,68.761744,3.058705
28-05-2017T09:35,68.775743,3.067686
28-05-2017T09:40,68.789722,3.076125
28-05-2017T09:45,68.803752,3.0841529999999997
28-05-2017T09:50,68.81758,3.092351
28-05-2017T09:55,68.83135,3.101276
28-05-2017T10:00,68.8454,3.1091580000000003
28-05-2017T10:05,68.859187,3.117547
28-05-2017T10:10,68.873039,3.12615
28-05-2017T10:15,68.88707600000001,3.134439
28-05-2017T10:20,68.901133,3.142959
28-05-2017T10:25,68.91520200000001,3.151509
28-05-2017T10:30,68.929265,3.160133
28-05-2017T10:35,68.943286,3.168775
28-05-2017T10:40,68.957432,3.177058
28-05-2017T10:45,68.971528,3.1857159999999998
28-05-2017T10:50,68.985499,3.194138
28-05-2017T10:55,68.999239,3.2027740000000002
28-05-2017T11:00,69.00774200000001,3.207748
28-05-2017T11:05,69.01689,3.211831
28-05-2017T11:10,69.029219,3.2164080000000004
28-05-2017T11:15,69.042304,3.2215830000000003
28-05-2017T11:20,69.055835,3.2273509999999996
28-05-2017T11:25,69.06949399999999,3.232464
28-05-2017T11:30,69.083185,3.237414
28-05-2017T11:35,69.097139,3.242925
28-05-2017T11:40,69.111063,3.248022
28-05-2017T11:45,69.124943,3.253289
28-05-2017T11:50,69.138987,3.260844
28-05-2017T11:55,69.15320899999999,3.268596
28-05-2017T12:00,69.16741,3.275994
28-05-2017T12:05,69.181517,3.283907
28-05-2017T12:10,69.19545699999999,3.291793
28-05-2017T12:15,69.20939,3.299293
28-05-2017T12:20,69.223584,3.306883
28-05-2017T12:25,69.237767,3.3143949999999998
28-05-2017T12:30,69.251972,3.322313
28-05-2017T12:35,69.266065,3.329914
28-05-2017T12:40,69.280343,3.3379730000000003
28-05-2017T12:45,69.294471,3.345486
28-05-2017T12:50,69.308718,3.353514
28-05-2017T12:55,69.323178,3.361786
28-05-2017T13:00,69.337765,3.369937
28-05-2017T13:05,69.352436,3.3776269999999995
28-05-2017T13:10,69.36698299999999,3.3857230000000005
28-05-2017T13:15,69.381496,3.3938650000000004
28-05-2017T13:20,69.39586700000001,3.404869
28-05-2017T13:25,69.410271,3.415336
28-05-2017T13:30,69.42454000000001,3.42635
28-05-2017T13:35,69.438918,3.437249
28-05-2017T13:40,69.45331,3.448575
28-05-2017T13:45,69.467915,3.459357
28-05-2017T13:50,69.482342,3.470624
28-05-2017T13:55,69.496712,3.481703
28-05-2017T14:00,69.511363,3.4932529999999997
28-05-2017T14:05,69.526067,3.504065
28-05-2017T14:10,69.540935,3.51425
28-05-2017T14:15,69.55605,3.524576
28-05-2017T14:20,69.5711,3.5355300000000005
28-05-2017T14:25,69.586237,3.5461449999999997
28-05-2017T14:30,69.601354,3.556941
28-05-2017T14:35,69.61646800000001,3.569177
28-05-2017T14:40,69.631725,3.581528
28-05-2017T14:45,69.646956,3.5943
28-05-2017T14:50,69.66199499999999,3.6077879999999998
28-05-2017T14:55,69.675445,3.620068
28-05-2017T15:00,69.689463,3.628571
28-05-2017T15:05,69.704136,3.6383360000000002
28-05-2017T15:10,69.718968,3.6469410000000004
28-05-2017T15:15,69.73370200000001,3.656823
28-05-2017T15:20,69.748435,3.666373
28-05-2017T15:25,69.76311,3.675307
28-05-2017T15:30,69.777666,3.684415
28-05-2017T15:35,69.792037,3.693972
28-05-2017T15:40,69.806361,3.702675
28-05-2017T15:45,69.820669,3.711469
28-05-2017T15:50,69.834818,3.721014
28-05-2017T15:55,69.849076,3.7301050000000004
28-05-2017T16:00,69.863392,3.739114
28-05-2017T16:05,69.877803,3.7480510000000002
28-05-2017T16:10,69.892026,3.7572660000000004
28-05-2017T16:15,69.906216,3.7665379999999997
28-05-2017T16:20,69.920489,3.774977
28-05-2017T16:25,69.934696,3.784443
28-05-2017T16:30,69.94894000000001,3.79337
28-05-2017T16:35,69.963126,3.802546
28-05-2017T16:40,69.97730200000001,3.8116120000000002
28-05-2017T16:45,69.991486,3.8209199999999996
28-05-2017T16:50,70.00563100000001,3.8298050000000003
28-05-2017T16:55,70.01973100000001,3.839121
28-05-2017T17:00,70.03385899999999,3.847457
28-05-2017T17:05,70.047751,3.8567989999999996
28-05-2017T17:10,70.061634,3.8653370000000002
28-05-2017T17:15,70.075564,3.8745540000000003
28-05-2017T17:20,70.08968,3.883435
28-05-2017T17:25,70.103789,3.892357
28-05-2017T17:30,70.117793,3.9012089999999997
28-05-2017T17:35,70.13179000000001,3.9102
28-05-2017T17:40,70.145659,3.918929
28-05-2017T17:45,70.15950500000001,3.927606
28-05-2017T17:50,70.173289,3.936931
28-05-2017T17:55,70.18713000000001,3.945874
28-05-2017T18:00,70.201025,3.954657
28-05-2017T18:05,70.214929,3.9639339999999996
28-05-2017T18:10,70.229034,3.9723589999999995
28-05-2017T18:15,70.243144,3.981947
28-05-2017T18:20,70.257187,3.9910980000000005
28-05-2017T18:25,70.27135200000001,3.999374
28-05-2017T18:30,70.285441,4.008543
28-05-2017T18:35,70.299368,4.018306
28-05-2017T18:40,70.313115,4.026731
28-05-2017T18:45,70.32658599999999,4.035352
28-05-2017T18:50,70.340122,4.04424
28-05-2017T18:55,70.353753,4.053461
28-05-2017T19:00,70.367591,4.061707
28-05-2017T19:05,70.381414,4.071211
28-05-2017T19:10,70.395321,4.080166999999999
28-05-2017T19:15,70.409296,4.0888860000000005
28-05-2017T19:20,70.423232,4.0983089999999995
28-05-2017T19:25,70.437336,4.107256
28-05-2017T19:30,70.451554,4.116745
28-05-2017T19:35,70.465812,4.125822
28-05-2017T19:40,70.480233,4.135176
28-05-2017T19:45,70.494738,4.144539
28-05-2017T19:50,70.509126,4.154164
28-05-2017T19:55,70.523659,4.163615
28-05-2017T20:00,70.538335,4.172958
28-05-2017T20:05,70.55319200000001,4.1827
28-05-2017T20:10,70.56811400000001,4.192579
28-05-2017T20:15,70.5831,4.2020800000000005
28-05-2017T20:20,70.5981,4.211780999999999
28-05-2017T20:25,70.613236,4.221524
28-05-2017T20:30,70.628535,4.231585
28-05-2017T20:35,70.643754,4.2424
28-05-2017T20:40,70.658683,4.251982
28-05-2017T20:45,70.67317800000001,4.261921
28-05-2017T20:50,70.687464,4.270503
28-05-2017T20:55,70.70165300000001,4.279955999999999
28-05-2017T21:00,70.715958,4.289194
28-05-2017T21:05,70.730111,4.299030999999999
28-05-2017T21:10,70.744119,4.30823
28-05-2017T21:15,70.758022,4.3170269999999995
28-05-2017T21:20,70.771876,4.326282
28-05-2017T21:25,70.785696,4.335673
28-05-2017T21:30,70.799899,4.344654
28-05-2017T21:35,70.81407800000001,4.354438
28-05-2017T21:40,70.828276,4.363703
28-05-2017T21:45,70.842443,4.3727279999999995
28-05-2017T21:50,70.8566,4.382286
28-05-2017T21:55,70.870863,4.392037999999999
28-05-2017T22:00,70.88515500000001,4.401212999999999
28-05-2017T22:05,70.89941999999999,4.411116000000001
28-05-2017T22:10,70.913785,4.420229
28-05-2017T22:15,70.928135,4.429836
28-05-2017T22:20,70.94241099999999,4.439934
28-05-2017T22:25,70.95665100000001,4.448606
28-05-2017T22:30,70.968485,4.457323000000001
28-05-2017T22:35,70.978192,4.464017
28-05-2017T22:40,70.988499,4.470811
28-05-2017T22:45,70.998848,4.47674
28-05-2017T22:50,71.008647,4.484007
28-05-2017T22:55,71.016598,4.489655
28-05-2017T23:00,71.021261,4.500212
28-05-2017T23:05,71.034234,4.507130999999999
28-05-2017T23:10,71.050373,4.516271
28-05-2017T23:15,71.066789,4.526229
28-05-2017T23:20,71.083105,4.537449
28-05-2017T23:25,71.09944200000001,4.548368
28-05-2017T23:30,71.11593,4.559731
28-05-2017T23:35,71.132529,4.57063
28-05-2017T23:40,71.149233,4.581226999999999
28-05-2017T23:45,71.166111,4.590969
28-05-2017T23:50,71.183036,4.600727
28-05-2017T23:55,71.19976700000001,4.612188
29-05-2017T00:00,71.215862,4.624172
29-05-2017T00:05,71.231175,4.634316
29-05-2017T00:10,71.24645699999999,4.6443330000000005
29-05-2017T00:15,71.261724,4.655403
29-05-2017T00:20,71.27696999999999,4.6652309999999995
29-05-2017T00:25,71.292119,4.675318
29-05-2017T00:30,71.307199,4.686041
29-05-2017T00:35,71.32234,4.695636
29-05-2017T00:40,71.33734399999999,4.7069019999999995
29-05-2017T00:45,71.352429,4.71666
29-05-2017T00:50,71.36739200000001,4.727066000000001
29-05-2017T00:55,71.38233100000001,4.7368760000000005
29-05-2017T01:00,71.39726,4.747371
29-05-2017T01:05,71.41224100000001,4.757327
29-05-2017T01:10,71.42710699999999,4.767972
29-05-2017T01:15,71.442041,4.778002
29-05-2017T01:20,71.456914,4.788444
29-05-2017T01:25,71.471836,4.798323
29-05-2017T01:30,71.486817,4.809105000000001
29-05-2017T01:35,71.50185400000001,4.819498
29-05-2017T01:40,71.51689,4.829552
29-05-2017T01:45,71.53186,4.840069000000001
29-05-2017T01:50,71.546738,4.850303
29-05-2017T01:55,71.561577,4.860451
29-05-2017T02:00,71.576275,4.871136
29-05-2017T02:05,71.590873,4.880636
29-05-2017T02:10,71.605464,4.8905199999999995
29-05-2017T02:15,71.620028,4.9007190000000005
29-05-2017T02:20,71.634524,4.911068
29-05-2017T02:25,71.649114,4.921125
29-05-2017T02:30,71.663656,4.930989
29-05-2017T02:35,71.678267,4.941180999999999
29-05-2017T02:40,71.69289300000001,4.951504
29-05-2017T02:45,71.707521,4.961458
29-05-2017T02:50,71.722124,4.971572
29-05-2017T02:55,71.736673,4.981684
29-05-2017T03:00,71.75109499999999,4.9920800000000005
29-05-2017T03:05,71.765502,5.002316
29-05-2017T03:10,71.77985100000001,5.011679
29-05-2017T03:15,71.794287,5.022245
29-05-2017T03:20,71.808846,5.032647
29-05-2017T03:25,71.82337,5.042389
29-05-2017T03:30,71.837764,5.052598000000001
29-05-2017T03:35,71.852088,5.062136
29-05-2017T03:40,71.866265,5.072557
29-05-2017T03:45,71.880386,5.082148
29-05-2017T03:50,71.89460600000001,5.092345
29-05-2017T03:55,71.90876800000001,5.102507
29-05-2017T04:00,71.922938,5.111972
29-05-2017T04:05,71.937063,5.1217
29-05-2017T04:10,71.950965,5.132016999999999
29-05-2017T04:15,71.964893,5.141595
29-05-2017T04:20,71.978899,5.151961
29-05-2017T04:25,71.992917,5.161656
29-05-2017T04:30,72.00694399999999,5.171511
29-05-2017T04:35,72.021054,5.181646
29-05-2017T04:40,72.035173,5.191292
29-05-2017T04:45,72.049177,5.20191
29-05-2017T04:50,72.063085,5.211084
29-05-2017T04:55,72.077088,5.220848999999999
29-05-2017T05:00,72.091083,5.230796
29-05-2017T05:05,72.104922,5.241111
29-05-2017T05:10,72.11870400000001,5.250426999999999
29-05-2017T05:15,72.1324,5.260280000000001
29-05-2017T05:20,72.145942,5.270429
29-05-2017T05:25,72.159516,5.2797089999999995
29-05-2017T05:30,72.173038,5.289887
29-05-2017T05:35,72.18653499999999,5.299353
29-05-2017T05:40,72.199876,5.309113
29-05-2017T05:45,72.21321,5.317837
29-05-2017T05:50,72.226435,5.327706
29-05-2017T05:55,72.239814,5.337079
29-05-2017T06:00,72.253352,5.346466
29-05-2017T06:05,72.267104,5.356357
29-05-2017T06:10,72.280974,5.3664510000000005
29-05-2017T06:15,72.294989,5.37709
29-05-2017T06:20,72.30926,5.386578
29-05-2017T06:25,72.323592,5.397361
29-05-2017T06:30,72.33807,5.4073269999999996
29-05-2017T06:35,72.352519,5.418143
29-05-2017T06:40,72.367071,5.428662
29-05-2017T06:45,72.38170699999999,5.438969
29-05-2017T06:50,72.39635899999999,5.449755000000001
29-05-2017T06:55,72.411156,5.460253
29-05-2017T07:00,72.42596400000001,5.470982
29-05-2017T07:05,72.440663,5.481889
29-05-2017T07:10,72.455364,5.4925239999999995
29-05-2017T07:15,72.470099,5.50275
29-05-2017T07:20,72.48468000000001,5.513935
29-05-2017T07:25,72.499259,5.523295
29-05-2017T07:30,72.513806,5.534379
29-05-2017T07:35,72.528317,5.545797
29-05-2017T07:40,72.542899,5.556098
29-05-2017T07:45,72.557458,5.566565
29-05-2017T07:50,72.570452,5.576961
29-05-2017T07:55,72.57803299999999,5.582351999999999
29-05-2017T08:00,72.579081,5.584416
29-05-2017T08:05,72.578889,5.586478
29-05-2017T08:10,72.579259,5.587433
29-05-2017T08:15,72.579587,5.589378
29-05-2017T08:20,72.57934200000001,5.592371
29-05-2017T08:25,72.57891,5.594067
29-05-2017T08:30,72.5787,5.594043
29-05-2017T08:35,72.578694,5.594103
29-05-2017T08:40,72.578744,5.593532
29-05-2017T08:45,72.57866999999999,5.593024
29-05-2017T08:50,72.578451,5.592211
29-05-2017T08:55,72.578372,5.592496
29-05-2017T09:00,72.578485,5.592947000000001
29-05-2017T09:05,72.578387,5.592435
29-05-2017T09:10,72.578224,5.592015
29-05-2017T09:15,72.577781,5.590776
29-05-2017T09:20,72.576885,5.58959
29-05-2017T09:25,72.575919,5.589051
29-05-2017T09:30,72.57571,5.589135
29-05-2017T09:35,72.576011,5.589509
29-05-2017T09:40,72.576275,5.589792
29-05-2017T09:45,72.576183,5.589887
29-05-2017T09:50,72.575891,5.590066
29-05-2017T09:55,72.576594,5.589042
29-05-2017T10:00,72.584886,5.5868199999999995
29-05-2017T10:05,72.59800600000001,5.594714
29-05-2017T10:10,72.61074,5.604241
29-05-2017T10:15,72.622928,5.613347
29-05-2017T10:20,72.6351,5.622469000000001
29-05-2017T10:25,72.647424,5.6315029999999995
29-05-2017T10:30,72.65974,5.640865
29-05-2017T10:35,72.67206800000001,5.649942
29-05-2017T10:40,72.684393,5.659402
29-05-2017T10:45,72.694654,5.664553
29-05-2017T10:50,72.69626,5.659731
29-05-2017T10:55,72.69555799999999,5.657124
29-05-2017T11:00,72.69445400000001,5.654621
29-05-2017T11:05,72.69301,5.650849
29-05-2017T11:10,72.69206199999999,5.647137
29-05-2017T11:15,72.691614,5.64576
29-05-2017T11:20,72.691255,5.645329
29-05-2017T11:25,72.691061,5.645212
29-05-2017T11:30,72.690943,5.6452599999999995
29-05-2017T11:35,72.69095,5.644328
29-05-2017T11:40,72.691109,5.642525
29-05-2017T11:45,72.69121899999999,5.641156
29-05-2017T11:50,72.69137099999999,5.640923
29-05-2017T11:55,72.69154,5.641006
29-05-2017T12:00,72.691704,5.641102
29-05-2017T12:05,72.691816,5.64131
29-05-2017T12:10,72.691812,5.64173
29-05-2017T12:15,72.69171800000001,5.642246
29-05-2017T12:20,72.691609,5.6428
29-05-2017T12:25,72.691502,5.643369
29-05-2017T12:30,72.69149200000001,5.64364
29-05-2017T12:35,72.691618,5.6438
29-05-2017T12:40,72.691746,5.644172
29-05-2017T12:45,72.691753,5.644524
29-05-2017T12:50,72.691691,5.644906
29-05-2017T12:55,72.691575,5.645388
29-05-2017T13:00,72.691538,5.645908
29-05-2017T13:05,72.691466,5.6467529999999995
29-05-2017T13:10,72.69149499999999,5.6474839999999995
29-05-2017T13:15,72.696963,5.647577
29-05-2017T13:20,72.709016,5.659614
29-05-2017T13:25,72.721925,5.675739
29-05-2017T13:30,72.734941,5.6930190000000005
29-05-2017T13:35,72.748187,5.706064
29-05-2017T13:40,72.76071800000001,5.714651
29-05-2017T13:45,72.772674,5.72356
29-05-2017T13:50,72.7844,5.732444999999999
29-05-2017T13:55,72.796065,5.740894
29-05-2017T14:00,72.807749,5.749187999999999
29-05-2017T14:05,72.819384,5.758401
29-05-2017T14:10,72.831061,5.767393
29-05-2017T14:15,72.842788,5.775972
29-05-2017T14:20,72.85449,5.784133
29-05-2017T14:25,72.86612099999999,5.792744
29-05-2017T14:30,72.87823399999999,5.80178
29-05-2017T14:35,72.891109,5.811553
29-05-2017T14:40,72.903284,5.819303
29-05-2017T14:45,72.91544499999999,5.830707
29-05-2017T14:50,72.929058,5.840455
29-05-2017T14:55,72.943462,5.851081
29-05-2017T15:00,72.95797900000001,5.861715
29-05-2017T15:05,72.972535,5.872257
29-05-2017T15:10,72.986836,5.882766999999999
29-05-2017T15:15,72.99771199999999,5.889448000000001
29-05-2017T15:20,73.003999,5.894407
29-05-2017T15:25,73.016287,5.9038889999999995
29-05-2017T15:30,73.031077,5.915004
29-05-2017T15:35,73.045923,5.926169
29-05-2017T15:40,73.06065600000001,5.937675
29-05-2017T15:45,73.075376,5.949299
29-05-2017T15:50,73.09011600000001,5.959547
29-05-2017T15:55,73.104763,5.971304
29-05-2017T16:00,73.11954,5.981774
29-05-2017T16:05,73.134283,5.993366
29-05-2017T16:10,73.149023,6.004778
29-05-2017T16:15,73.163884,6.015558
29-05-2017T16:20,73.178788,6.026706
29-05-2017T16:25,73.193535,6.038069
29-05-2017T16:30,73.20835799999999,6.049241
29-05-2017T16:35,73.223201,6.060822
29-05-2017T16:40,73.238182,6.071549
29-05-2017T16:45,73.25322299999999,6.083037
29-05-2017T16:50,73.268327,6.094833
29-05-2017T16:55,73.28342099999999,6.106325
29-05-2017T17:00,73.298573,6.117599
29-05-2017T17:05,73.313965,6.129335
29-05-2017T17:10,73.329332,6.141046
29-05-2017T17:15,73.344383,6.15304
29-05-2017T17:20,73.359391,6.163547
29-05-2017T17:25,73.374275,6.175763
29-05-2017T17:30,73.388681,6.18694
29-05-2017T17:35,73.403196,6.1974480000000005
29-05-2017T17:40,73.417743,6.208397
29-05-2017T17:45,73.43239799999999,6.219993
29-05-2017T17:50,73.44714,6.231246
29-05-2017T17:55,73.461798,6.242351
29-05-2017T18:00,73.476363,6.253645
29-05-2017T18:05,73.491147,6.264807
29-05-2017T18:10,73.505788,6.2767669999999995
29-05-2017T18:15,73.520489,6.287876
29-05-2017T18:20,73.535023,6.29891
29-05-2017T18:25,73.549464,6.31073
29-05-2017T18:30,73.563869,6.3211260000000005
29-05-2017T18:35,73.578085,6.332202
29-05-2017T18:40,73.592239,6.34309
29-05-2017T18:45,73.606258,6.3544410000000005
29-05-2017T18:50,73.62022900000001,6.3650400000000005
29-05-2017T18:55,73.634373,6.375699
29-05-2017T19:00,73.64828,6.386633
29-05-2017T19:05,73.6621,6.397183999999999
29-05-2017T19:10,73.676174,6.4079440000000005
29-05-2017T19:15,73.690113,6.419679
29-05-2017T19:20,73.704138,6.430059
29-05-2017T19:25,73.718188,6.441443
29-05-2017T19:30,73.732135,6.452129
29-05-2017T19:35,73.745931,6.4627360000000005
29-05-2017T19:40,73.759564,6.473585
29-05-2017T19:45,73.7731,6.484531
29-05-2017T19:50,73.786676,6.495412
29-05-2017T19:55,73.800372,6.505473
29-05-2017T20:00,73.814113,6.516349
29-05-2017T20:05,73.827901,6.527353
29-05-2017T20:10,73.841652,6.537761
29-05-2017T20:15,73.855266,6.548475
29-05-2017T20:20,73.868829,6.559792999999999
29-05-2017T20:25,73.88252,6.570371000000001
29-05-2017T20:30,73.89411199999999,6.578760000000001
29-05-2017T20:35,73.904543,6.587192999999999
29-05-2017T20:40,73.91741999999999,6.598099
29-05-2017T20:45,73.930937,6.608246
29-05-2017T20:50,73.944654,6.61918
29-05-2017T20:55,73.958283,6.6288800000000005
29-05-2017T21:00,73.972009,6.640103999999999
29-05-2017T21:05,73.98581,6.650824000000001
29-05-2017T21:10,73.999617,6.661711
29-05-2017T21:15,74.013346,6.672654
29-05-2017T21:20,74.026749,6.683524
29-05-2017T21:25,74.040052,6.693291
29-05-2017T21:30,74.05340799999999,6.704084
29-05-2017T21:35,74.06693800000001,6.714529
29-05-2017T21:40,74.08075600000001,6.725743
29-05-2017T21:45,74.094131,6.736472999999999
29-05-2017T21:50,74.107153,6.747207
29-05-2017T21:55,74.11964,6.756831
29-05-2017T22:00,74.13209,6.7666699999999995
29-05-2017T22:05,74.145075,6.776786
29-05-2017T22:10,74.158441,6.787272
29-05-2017T22:15,74.17205200000001,6.798217
29-05-2017T22:20,74.18560699999999,6.809850999999999
29-05-2017T22:25,74.19882,6.820316
29-05-2017T22:30,74.21173,6.8308029999999995
29-05-2017T22:35,74.224527,6.840882000000001
29-05-2017T22:40,74.236914,6.851091
29-05-2017T22:45,74.249471,6.860595
29-05-2017T22:50,74.262134,6.870775
29-05-2017T22:55,74.274744,6.881406
29-05-2017T23:00,74.286932,6.890736
29-05-2017T23:05,74.298769,6.900562
29-05-2017T23:10,74.311009,6.910494
29-05-2017T23:15,74.322902,6.919953
29-05-2017T23:20,74.334334,6.9294910000000005
29-05-2017T23:25,74.346147,6.9386589999999995
29-05-2017T23:30,74.357268,6.947575
29-05-2017T23:35,74.368821,6.957155
29-05-2017T23:40,74.379735,6.965778
29-05-2017T23:45,74.391054,6.974825999999999
29-05-2017T23:50,74.40306899999999,6.984172999999999
29-05-2017T23:55,74.415251,6.994828999999999
30-05-2017T00:00,74.426794,7.00427
30-05-2017T00:05,74.437591,7.012811999999999
30-05-2017T00:10,74.448488,7.021792
30-05-2017T00:15,74.459343,7.030635
30-05-2017T00:20,74.46927099999999,7.038311
30-05-2017T00:25,74.480479,7.047572
30-05-2017T00:30,74.491385,7.056462
30-05-2017T00:35,74.500919,7.064437
30-05-2017T00:40,74.510646,7.072277000000001
30-05-2017T00:45,74.521663,7.080492
30-05-2017T00:50,74.533252,7.090884
30-05-2017T00:55,74.543642,7.0998220000000005
30-05-2017T01:00,74.554751,7.108737
30-05-2017T01:05,74.565259,7.117358
30-05-2017T01:10,74.577386,7.1262360000000005
30-05-2017T01:15,74.589263,7.137222
30-05-2017T01:20,74.600404,7.14585
30-05-2017T01:25,74.611032,7.154456
30-05-2017T01:30,74.622876,7.164312
30-05-2017T01:35,74.634608,7.173951
30-05-2017T01:40,74.64724100000001,7.184498
30-05-2017T01:45,74.65939,7.193998
30-05-2017T01:50,74.672211,7.205162
30-05-2017T01:55,74.684129,7.21442
30-05-2017T02:00,74.696816,7.224968
30-05-2017T02:05,74.709523,7.235817999999999
30-05-2017T02:10,74.721886,7.246225
30-05-2017T02:15,74.734948,7.256239999999999
30-05-2017T02:20,74.747989,7.267739
30-05-2017T02:25,74.761081,7.277955
30-05-2017T02:30,74.77386899999999,7.289439999999999
30-05-2017T02:35,74.78625600000001,7.299392999999999
30-05-2017T02:40,74.799525,7.309906
30-05-2017T02:45,74.813327,7.321317999999999
30-05-2017T02:50,74.826806,7.333259
30-05-2017T02:55,74.84042,7.344353999999999
30-05-2017T03:00,74.85469499999999,7.356256
30-05-2017T03:05,74.868498,7.36838
30-05-2017T03:10,74.882104,7.379159
30-05-2017T03:15,74.895719,7.390426
30-05-2017T03:20,74.909704,7.401953999999999
30-05-2017T03:25,74.924116,7.413991
30-05-2017T03:30,74.938476,7.426813
30-05-2017T03:35,74.952873,7.438447
30-05-2017T03:40,74.966476,7.4507330000000005
30-05-2017T03:45,74.98013399999999,7.4617320000000005
30-05-2017T03:50,74.994742,7.473178
30-05-2017T03:55,75.00953299999999,7.486146000000001
30-05-2017T04:00,75.023985,7.4981729999999995
30-05-2017T04:05,75.037596,7.510255
30-05-2017T04:10,75.05202,7.522061
30-05-2017T04:15,75.06662800000001,7.534638
30-05-2017T04:20,75.081296,7.546914999999999
30-05-2017T04:25,75.096352,7.559551
30-05-2017T04:30,75.11128599999999,7.570986
30-05-2017T04:35,75.124333,7.583049000000001
30-05-2017T04:40,75.137283,7.593729
30-05-2017T04:45,75.150238,7.605949000000001
30-05-2017T04:50,75.164316,7.6182419999999995
30-05-2017T04:55,75.178428,7.629668
30-05-2017T05:00,75.192631,7.641147999999999
30-05-2017T05:05,75.206822,7.653792
30-05-2017T05:10,75.22139399999999,7.666359
30-05-2017T05:15,75.235745,7.678387
30-05-2017T05:20,75.250159,7.691089
30-05-2017T05:25,75.265073,7.703283
30-05-2017T05:30,75.27974300000001,7.716127
30-05-2017T05:35,75.294622,7.728699000000001
30-05-2017T05:40,75.309505,7.741866
30-05-2017T05:45,75.324155,7.754682000000001
30-05-2017T05:50,75.338341,7.7660100000000005
30-05-2017T05:55,75.351899,7.7783679999999995
30-05-2017T06:00,75.364611,7.789867
30-05-2017T06:05,75.378376,7.800439999999999
30-05-2017T06:10,75.392423,7.812545
30-05-2017T06:15,75.40620600000001,7.824917999999999
30-05-2017T06:20,75.419565,7.837108
30-05-2017T06:25,75.433018,7.848497999999999
30-05-2017T06:30,75.447139,7.859997
30-05-2017T06:35,75.461567,7.87275
30-05-2017T06:40,75.47591,7.88559
30-05-2017T06:45,75.48978199999999,7.898307000000001
30-05-2017T06:50,75.503013,7.9098619999999995
30-05-2017T06:55,75.516951,7.920799000000001
30-05-2017T07:00,75.530825,7.933636
30-05-2017T07:05,75.544235,7.945487
30-05-2017T07:10,75.558286,7.957165
30-05-2017T07:15,75.571838,7.968746
30-05-2017T07:20,75.58507900000001,7.9810479999999995
30-05-2017T07:25,75.59836899999999,7.992816
30-05-2017T07:30,75.61147,8.0042
30-05-2017T07:35,75.624314,8.014968
30-05-2017T07:40,75.6375,8.026515
30-05-2017T07:45,75.650964,8.038661
30-05-2017T07:50,75.663914,8.050578
30-05-2017T07:55,75.677341,8.061861
30-05-2017T08:00,75.690708,8.073507000000001
30-05-2017T08:05,75.703829,8.085005
30-05-2017T08:10,75.717276,8.097119000000001
30-05-2017T08:15,75.730723,8.108554
30-05-2017T08:20,75.743933,8.121172
30-05-2017T08:25,75.756985,8.133027
30-05-2017T08:30,75.77090799999999,8.145537
30-05-2017T08:35,75.785501,8.157572
30-05-2017T08:40,75.800376,8.170656
30-05-2017T08:45,75.814833,8.183769
30-05-2017T08:50,75.829034,8.196597
30-05-2017T08:55,75.843289,8.209612
30-05-2017T09:00,75.85793000000001,8.22175
30-05-2017T09:05,75.87230600000001,8.235275
30-05-2017T09:10,75.886448,8.247530000000001
30-05-2017T09:15,75.900791,8.260471
30-05-2017T09:20,75.914994,8.272919
30-05-2017T09:25,75.928915,8.286141
30-05-2017T09:30,75.943031,8.298112
30-05-2017T09:35,75.956888,8.310752
30-05-2017T09:40,75.970827,8.322863
30-05-2017T09:45,75.98520500000001,8.335827
30-05-2017T09:50,75.999716,8.349848
30-05-2017T09:55,76.014338,8.362716
30-05-2017T10:00,76.029259,8.375869999999999
30-05-2017T10:05,76.044358,8.389358
30-05-2017T10:10,76.059169,8.403034
30-05-2017T10:15,76.07391,8.416367
30-05-2017T10:20,76.088814,8.430375999999999
30-05-2017T10:25,76.104007,8.443441
30-05-2017T10:30,76.11920400000001,8.458066
30-05-2017T10:35,76.134389,8.471786
30-05-2017T10:40,76.149741,8.485793
30-05-2017T10:45,76.165238,8.498911
30-05-2017T10:50,76.180522,8.513622999999999
30-05-2017T10:55,76.195987,8.527097
30-05-2017T11:00,76.211617,8.54171
30-05-2017T11:05,76.227175,8.556832
30-05-2017T11:10,76.24293399999999,8.570812
30-05-2017T11:15,76.258741,8.585433
30-05-2017T11:20,76.274651,8.599967
30-05-2017T11:25,76.29065200000001,8.613332000000002
30-05-2017T11:30,76.306348,8.629315
30-05-2017T11:35,76.32205400000001,8.643089999999999
30-05-2017T11:40,76.337398,8.65801
30-05-2017T11:45,76.352868,8.671699
30-05-2017T11:50,76.368372,8.686202999999999
30-05-2017T11:55,76.38379,8.69988
30-05-2017T12:00,76.398921,8.714349
30-05-2017T12:05,76.41391800000001,8.728903
30-05-2017T12:10,76.428855,8.741575
30-05-2017T12:15,76.444012,8.755608
30-05-2017T12:20,76.459255,8.77096
30-05-2017T12:25,76.474498,8.784785000000001
30-05-2017T12:30,76.489704,8.798461999999999
30-05-2017T12:35,76.505033,8.812558000000001
30-05-2017T12:40,76.520287,8.827863
30-05-2017T12:45,76.53564,8.841505
30-05-2017T12:50,76.55098100000001,8.856398
30-05-2017T12:55,76.566296,8.870453
30-05-2017T13:00,76.581468,8.884574
30-05-2017T13:05,76.596469,8.899182000000001
30-05-2017T13:10,76.611398,8.912825999999999
30-05-2017T13:15,76.626294,8.926613
30-05-2017T13:20,76.641104,8.941121
30-05-2017T13:25,76.65597,8.954986
30-05-2017T13:30,76.670652,8.969403
30-05-2017T13:35,76.68531899999999,8.983335
30-05-2017T13:40,76.70003100000001,8.99743
30-05-2017T13:45,76.714741,9.010916
30-05-2017T13:50,76.729458,9.024492
30-05-2017T13:55,76.744088,9.038675999999999
30-05-2017T14:00,76.758409,9.051524
30-05-2017T14:05,76.772448,9.065497
30-05-2017T14:10,76.786469,9.079146000000001
30-05-2017T14:15,76.800569,9.092262
30-05-2017T14:20,76.814727,9.106156
30-05-2017T14:25,76.82916999999999,9.119802
30-05-2017T14:30,76.84405600000001,9.133175
30-05-2017T14:35,76.8591,9.148802
30-05-2017T14:40,76.874051,9.163414
30-05-2017T14:45,76.888954,9.177775
30-05-2017T14:50,76.903841,9.191709
30-05-2017T14:55,76.918593,9.204912
30-05-2017T15:00,76.932852,9.220056
30-05-2017T15:05,76.94717299999999,9.233965
30-05-2017T15:10,76.961616,9.24721
30-05-2017T15:15,76.976057,9.261157
30-05-2017T15:20,76.990471,9.275171
30-05-2017T15:25,77.004789,9.288910000000001
30-05-2017T15:30,77.019133,9.303067
30-05-2017T15:35,77.03353100000001,9.316322
30-05-2017T15:40,77.047873,9.330858000000001
30-05-2017T15:45,77.062138,9.345181
30-05-2017T15:50,77.076465,9.358186
30-05-2017T15:55,77.090638,9.372148
30-05-2017T16:00,77.104872,9.386836
30-05-2017T16:05,77.119428,9.401159
30-05-2017T16:10,77.134069,9.415664
30-05-2017T16:15,77.148803,9.42895
30-05-2017T16:20,77.163498,9.443346
30-05-2017T16:25,77.178107,9.45872
30-05-2017T16:30,77.192796,9.47259
30-05-2017T16:35,77.207464,9.486533
30-05-2017T16:40,77.221987,9.500679
30-05-2017T16:45,77.236508,9.516167999999999
30-05-2017T16:50,77.251199,9.529823
30-05-2017T16:55,77.262001,9.539685
30-05-2017T17:00,77.26353,9.542717
30-05-2017T17:05,77.26441,9.544362
30-05-2017T17:10,77.264688,9.543463000000001
30-05-2017T17:15,77.264511,9.541903999999999
30-05-2017T17:20,77.26418199999999,9.540244
30-05-2017T17:25,77.263752,9.538569
30-05-2017T17:30,77.26332,9.537129
30-05-2017T17:35,77.262941,9.535569
30-05-2017T17:40,77.26270600000001,9.534084
30-05-2017T17:45,77.262691,9.532986
30-05-2017T17:50,77.26292600000001,9.532496
30-05-2017T17:55,77.263258,9.532085
30-05-2017T18:00,77.263261,9.530874
30-05-2017T18:05,77.262948,9.529339
30-05-2017T18:10,77.26270500000001,9.528779
30-05-2017T18:15,77.262766,9.528614
30-05-2017T18:20,77.263008,9.528901
30-05-2017T18:25,77.2633,9.529289
30-05-2017T18:30,77.263473,9.529575999999999
30-05-2017T18:35,77.26348,9.529676
30-05-2017T18:40,77.263468,9.529819999999999
30-05-2017T18:45,77.263476,9.529817999999999
30-05-2017T18:50,77.263406,9.529378
30-05-2017T18:55,77.263127,9.528526
30-05-2017T19:00,77.26272800000001,9.527232000000001
30-05-2017T19:05,77.262345,9.526144
30-05-2017T19:10,77.26205300000001,9.526155000000001
30-05-2017T19:15,77.261847,9.527022
30-05-2017T19:20,77.263591,9.534904
30-05-2017T19:25,77.273481,9.568552
30-05-2017T19:30,77.285309,9.608937
30-05-2017T19:35,77.297083,9.650304
30-05-2017T19:40,77.30925699999999,9.689928
30-05-2017T19:45,77.320187,9.736854
30-05-2017T19:50,77.332307,9.764294999999999
30-05-2017T19:55,77.346822,9.763187
30-05-2017T20:00,77.356088,9.761911999999999
30-05-2017T20:05,77.356255,9.761888
30-05-2017T20:10,77.356255,9.761888
30-05-2017T20:15,77.356255,9.761888
30-05-2017T20:20,77.356255,9.761888
30-05-2017T20:25,77.356255,9.761888
30-05-2017T20:30,77.356255,9.761888
30-05-2017T20:35,70.773563,8.919991
30-05-2017T20:40,77.478059,9.748975
30-05-2017T20:45,77.492592,9.748173
30-05-2017T20:50,77.507171,9.747712
30-05-2017T20:55,77.52171899999999,9.74889
30-05-2017T21:00,77.53631700000001,9.749916
30-05-2017T21:05,77.550962,9.752305
30-05-2017T21:10,77.565719,9.752219
30-05-2017T21:15,77.580495,9.753003999999999
30-05-2017T21:20,77.595378,9.753558
30-05-2017T21:25,77.610272,9.752744
30-05-2017T21:30,77.625036,9.754227
30-05-2017T21:35,77.63979,9.753786999999999
30-05-2017T21:40,77.654494,9.753713000000001
30-05-2017T21:45,77.669156,9.754180999999999
30-05-2017T21:50,77.68397900000001,9.754709
30-05-2017T21:55,77.69882,9.754895
30-05-2017T22:00,77.71355600000001,9.755709
30-05-2017T22:05,77.728241,9.756708999999999
30-05-2017T22:10,77.742987,9.755925
30-05-2017T22:15,77.757704,9.755683
30-05-2017T22:20,77.772414,9.756167999999999
30-05-2017T22:25,77.78712800000001,9.756907
30-05-2017T22:30,77.80171999999999,9.758056
30-05-2017T22:35,77.816209,9.758045
30-05-2017T22:40,77.830673,9.757781
30-05-2017T22:45,77.845083,9.757672
30-05-2017T22:50,77.859576,9.758711
30-05-2017T22:55,77.874074,9.757992999999999
30-05-2017T23:00,77.888564,9.758258
30-05-2017T23:05,77.902937,9.75937
30-05-2017T23:10,77.917371,9.759647
30-05-2017T23:15,77.932,9.760507
30-05-2017T23:20,77.946791,9.760191
30-05-2017T23:25,77.96170699999999,9.760480000000001
30-05-2017T23:30,77.97666,9.760734
30-05-2017T23:35,77.991624,9.761411
30-05-2017T23:40,78.006601,9.762074
30-05-2017T23:45,78.021603,9.762311
30-05-2017T23:50,78.036631,9.761649
30-05-2017T23:55,78.051575,9.762972
31-05-2017T00:00,78.066401,9.762360000000001
31-05-2017T00:05,78.081125,9.763121
31-05-2017T00:10,78.09591800000001,9.763218
31-05-2017T00:15,78.110794,9.764447
31-05-2017T00:20,78.125709,9.764472
31-05-2017T00:25,78.140652,9.764968
31-05-2017T00:30,78.155436,9.764424
31-05-2017T00:35,78.169978,9.765779
31-05-2017T00:40,78.18450899999999,9.765095
31-05-2017T00:45,78.19915999999999,9.765274
31-05-2017T00:50,78.213613,9.76551
31-05-2017T00:55,78.22784899999999,9.766949
31-05-2017T01:00,78.241962,9.767724000000001
31-05-2017T01:05,78.256033,9.767318
31-05-2017T01:10,78.269651,9.753101
31-05-2017T01:15,78.283454,9.733768
31-05-2017T01:20,78.297253,9.712143
31-05-2017T01:25,78.311079,9.691363
31-05-2017T01:30,78.32498100000001,9.670361999999999
31-05-2017T01:35,78.339097,9.650780000000001
31-05-2017T01:40,78.353213,9.628477
31-05-2017T01:45,78.36745400000001,9.606337
31-05-2017T01:50,78.381805,9.585004
31-05-2017T01:55,78.39608,9.563349
31-05-2017T02:00,78.410433,9.541509
31-05-2017T02:05,78.424994,9.520779
31-05-2017T02:10,78.439444,9.498003
31-05-2017T02:15,78.453971,9.47625
31-05-2017T02:20,78.46842099999999,9.4534
31-05-2017T02:25,78.482969,9.431531
31-05-2017T02:30,78.49759499999999,9.409264
31-05-2017T02:35,78.51235799999999,9.386922
31-05-2017T02:40,78.52726899999999,9.365197
31-05-2017T02:45,78.542152,9.341683
31-05-2017T02:50,78.557162,9.319328
31-05-2017T02:55,78.571911,9.295421000000001
31-05-2017T03:00,78.58644699999999,9.272814
31-05-2017T03:05,78.600989,9.250433000000001
31-05-2017T03:10,78.615496,9.228438
31-05-2017T03:15,78.629991,9.206493
31-05-2017T03:20,78.644389,9.183602
31-05-2017T03:25,78.65880200000001,9.161397000000001
31-05-2017T03:30,78.6732,9.140258
31-05-2017T03:35,78.687516,9.118796000000001
31-05-2017T03:40,78.701672,9.096117999999999
31-05-2017T03:45,78.715863,9.073563
31-05-2017T03:50,78.73005400000001,9.052392999999999
31-05-2017T03:55,78.74408100000001,9.030169
31-05-2017T04:00,78.75815,9.008238
31-05-2017T04:05,78.772163,8.986382
31-05-2017T04:10,78.786038,8.964191
31-05-2017T04:15,78.799786,8.943369
31-05-2017T04:20,78.813507,8.922779
31-05-2017T04:25,78.827157,8.900768
31-05-2017T04:30,78.840818,8.878269
31-05-2017T04:35,78.854793,8.85778
31-05-2017T04:40,78.868601,8.836091
31-05-2017T04:45,78.882064,8.812702999999999
31-05-2017T04:50,78.89591800000001,8.792398
31-05-2017T04:55,78.90988399999999,8.770897999999999
31-05-2017T05:00,78.92375,8.747755
31-05-2017T05:05,78.93760999999999,8.726447
31-05-2017T05:10,78.95118599999999,8.704871
31-05-2017T05:15,78.964465,8.684778999999999
31-05-2017T05:20,78.97754499999999,8.662813
31-05-2017T05:25,78.990679,8.641334
31-05-2017T05:30,79.003834,8.621253999999999
31-05-2017T05:35,79.01716400000001,8.59995
31-05-2017T05:40,79.0311,8.577424
31-05-2017T05:45,79.045295,8.555377
31-05-2017T05:50,79.05960300000001,8.533038000000001
31-05-2017T05:55,79.073872,8.508863999999999
31-05-2017T06:00,79.08827600000001,8.485201
31-05-2017T06:05,79.102758,8.463239999999999
31-05-2017T06:10,79.117036,8.439283
31-05-2017T06:15,79.131403,8.416476
31-05-2017T06:20,79.14569300000001,8.394264999999999
31-05-2017T06:25,79.159768,8.370502
31-05-2017T06:30,79.173929,8.348525
31-05-2017T06:35,79.187887,8.32432
31-05-2017T06:40,79.201864,8.303469
31-05-2017T06:45,79.215536,8.280485
31-05-2017T06:50,79.229091,8.259782000000001
31-05-2017T06:55,79.242652,8.239962
31-05-2017T07:00,79.256473,8.248361000000001
31-05-2017T07:05,79.269435,8.280155
31-05-2017T07:10,79.282448,8.315274
31-05-2017T07:15,79.295771,8.348156
31-05-2017T07:20,79.30901899999999,8.381627
31-05-2017T07:25,79.318466,8.40576
31-05-2017T07:30,79.320199,8.413913
31-05-2017T07:35,79.320076,8.416727
31-05-2017T07:40,79.319806,8.416745
31-05-2017T07:45,79.319769,8.418194
31-05-2017T07:50,79.31959499999999,8.418969
31-05-2017T07:55,79.319118,8.419878
31-05-2017T08:00,79.318787,8.422272
31-05-2017T08:05,79.318607,8.423534
31-05-2017T08:10,79.31794599999999,8.422658
31-05-2017T08:15,79.31716,8.420278
31-05-2017T08:20,79.31662299999999,8.4183
31-05-2017T08:25,79.316188,8.41949
31-05-2017T08:30,79.315533,8.420277
31-05-2017T08:35,79.314537,8.419929
31-05-2017T08:40,79.314094,8.42348
31-05-2017T08:45,79.321883,8.431510000000001
31-05-2017T08:50,79.336063,8.432316
31-05-2017T08:55,79.350583,8.432278
31-05-2017T09:00,79.365047,8.431335
31-05-2017T09:05,79.379494,8.430541
31-05-2017T09:10,79.394075,8.431772
31-05-2017T09:15,79.408709,8.430896
31-05-2017T09:20,79.423233,8.431372999999999
31-05-2017T09:25,79.437813,8.431105
31-05-2017T09:30,79.452425,8.431594
31-05-2017T09:35,79.46697900000001,8.431928
31-05-2017T09:40,79.48145,8.432175
31-05-2017T09:45,79.495923,8.431202
31-05-2017T09:50,79.510458,8.431898
31-05-2017T09:55,79.52499399999999,8.432078
31-05-2017T10:00,79.535889,8.44432
31-05-2017T10:05,79.54445799999999,8.471731
31-05-2017T10:10,79.557693,8.497848
31-05-2017T10:15,79.572088,8.518310000000001
31-05-2017T10:20,79.586752,8.532674
31-05-2017T10:25,79.601411,8.544821
31-05-2017T10:30,79.615957,8.556802000000001
31-05-2017T10:35,79.630521,8.569397
31-05-2017T10:40,79.645151,8.581371
31-05-2017T10:45,79.65975,8.595566
31-05-2017T10:50,79.67456899999999,8.61011
31-05-2017T10:55,79.689442,8.624264
31-05-2017T11:00,79.704305,8.638545
31-05-2017T11:05,79.718976,8.654422
31-05-2017T11:10,79.733621,8.66955
31-05-2017T11:15,79.748225,8.683584
31-05-2017T11:20,79.762805,8.698285
31-05-2017T11:25,79.77750400000001,8.712635
31-05-2017T11:30,79.79239799999999,8.726396000000001
31-05-2017T11:35,79.807313,8.740611
31-05-2017T11:40,79.822144,8.754164
31-05-2017T11:45,79.836872,8.768591
31-05-2017T11:50,79.851476,8.784837
31-05-2017T11:55,79.865645,8.808241
31-05-2017T12:00,79.879713,8.833496
31-05-2017T12:05,79.89340899999999,8.862525
31-05-2017T12:10,79.90604300000001,8.904093
31-05-2017T12:15,79.919262,8.939535000000001
31-05-2017T12:20,79.932724,8.96096
31-05-2017T12:25,79.94327,8.973881
31-05-2017T12:30,79.952777,8.990335
31-05-2017T12:35,79.96271800000001,8.992766
31-05-2017T12:40,79.97204599999999,9.001139
31-05-2017T12:45,79.980862,9.023795
31-05-2017T12:50,79.990454,9.025310000000001
31-05-2017T12:55,79.998112,9.017444
31-05-2017T13:00,80.003671,9.020942
31-05-2017T13:05,80.016501,9.011673
31-05-2017T13:10,80.027389,8.994411
31-05-2017T13:15,80.036666,8.986526
31-05-2017T13:20,80.04297199999999,9.000405
31-05-2017T13:25,80.048022,9.001107000000001
31-05-2017T13:30,80.054478,9.004919000000001
31-05-2017T13:35,80.060384,9.019017999999999
31-05-2017T13:40,80.061102,9.016647
31-05-2017T13:45,80.062549,9.027255
31-05-2017T13:50,80.06553000000001,9.049102
31-05-2017T13:55,80.068421,9.079805
31-05-2017T14:00,80.071844,9.115913
31-05-2017T14:05,80.07193000000001,9.166239
31-05-2017T14:10,80.07507199999999,9.21136
31-05-2017T14:15,80.07690799999999,9.25165
31-05-2017T14:20,80.07601899999999,9.283224
31-05-2017T14:25,80.07624399999999,9.297822
31-05-2017T14:30,80.076752,9.328716
31-05-2017T14:35,80.079813,9.356709
31-05-2017T14:40,80.08179100000001,9.401064
31-05-2017T14:45,80.082087,9.435830000000001
31-05-2017T14:50,80.083939,9.455167999999999
31-05-2017T14:55,80.088359,9.479713
31-05-2017T15:00,80.093947,9.508462
31-05-2017T15:05,80.099542,9.526489999999999
31-05-2017T15:10,80.106144,9.54922
31-05-2017T15:15,80.11031,9.575479
31-05-2017T15:20,80.114101,9.615611999999999
31-05-2017T15:25,80.120456,9.625886999999999
31-05-2017T15:30,80.122599,9.621131
31-05-2017T15:35,80.122621,9.616835
31-05-2017T15:40,80.12866700000001,9.582424000000001
31-05-2017T15:45,80.134277,9.5704
31-05-2017T15:50,80.139125,9.572515
31-05-2017T15:55,80.141734,9.579806
31-05-2017T16:00,80.142433,9.581572
31-05-2017T16:05,80.143664,9.592488000000001
31-05-2017T16:10,80.144868,9.601725
31-05-2017T16:15,80.14469,9.595925999999999
31-05-2017T16:20,80.14585799999999,9.601032
31-05-2017T16:25,80.14611,9.59954
31-05-2017T16:30,80.14710600000001,9.595738
31-05-2017T16:35,80.147666,9.592842999999998
31-05-2017T16:40,80.15016,9.58726
31-05-2017T16:45,80.150133,9.584487
31-05-2017T16:50,80.150039,9.581681
31-05-2017T16:55,80.150227,9.578472999999999
31-05-2017T17:00,80.15046600000001,9.575526
31-05-2017T17:05,80.15123,9.574228
31-05-2017T17:10,80.151077,9.571519
31-05-2017T17:15,80.15285300000001,9.573669
31-05-2017T17:20,80.153397,9.571997
31-05-2017T17:25,80.156152,9.568674
31-05-2017T17:30,80.16139799999999,9.547243
31-05-2017T17:35,80.167234,9.522264
31-05-2017T17:40,80.170971,9.483824
31-05-2017T17:45,80.178842,9.451466
31-05-2017T17:50,80.18901,9.446367
31-05-2017T17:55,80.19804599999999,9.424547
31-05-2017T18:00,80.20382099999999,9.395286
31-05-2017T18:05,80.209533,9.36608
31-05-2017T18:10,80.216672,9.324477
31-05-2017T18:15,80.222102,9.285821
31-05-2017T18:20,80.222581,9.27919
31-05-2017T18:25,80.22275,9.267056
31-05-2017T18:30,80.222871,9.261152000000001
31-05-2017T18:35,80.223012,9.25758
31-05-2017T18:40,80.22318,9.254305
31-05-2017T18:45,80.223355,9.251116
31-05-2017T18:50,80.223522,9.247866
31-05-2017T18:55,80.223701,9.244734
31-05-2017T19:00,80.223888,9.241629
31-05-2017T19:05,80.224056,9.238438
31-05-2017T19:10,80.224223,9.235286
31-05-2017T19:15,80.22444200000001,9.234273
31-05-2017T19:20,80.224544,9.229866000000001
31-05-2017T19:25,80.224717,9.22235
31-05-2017T19:30,80.22522,9.179504
31-05-2017T19:35,80.224703,9.10496
31-05-2017T19:40,80.22999899999999,9.042035
31-05-2017T19:45,80.23654300000001,8.998049
31-05-2017T19:50,80.244006,8.967198
31-05-2017T19:55,80.251497,8.947694
31-05-2017T20:00,80.256939,8.930616
31-05-2017T20:05,80.260604,8.889384
31-05-2017T20:10,80.264901,8.848535
31-05-2017T20:15,80.26414799999999,8.791274000000001
31-05-2017T20:20,80.26231800000001,8.740758
31-05-2017T20:25,80.26236800000001,8.691180000000001
31-05-2017T20:30,80.26259,8.683814
31-05-2017T20:35,80.262624,8.663071
31-05-2017T20:40,80.26279699999999,8.651106
31-05-2017T20:45,80.262817,8.646471
31-05-2017T20:50,80.262624,8.641388000000001
31-05-2017T20:55,80.262874,8.637236
31-05-2017T21:00,80.262524,8.629613
31-05-2017T21:05,80.261647,8.602016
31-05-2017T21:10,80.261111,8.564801
31-05-2017T21:15,80.263549,8.530838000000001
31-05-2017T21:20,80.25800799999999,8.516482
31-05-2017T21:25,80.256055,8.485306
31-05-2017T21:30,80.25604799999999,8.478841000000001
31-05-2017T21:35,80.25461,8.441831
31-05-2017T21:40,80.25392099999999,8.386508000000001
31-05-2017T21:45,80.262263,8.362061
31-05-2017T21:50,80.269986,8.336513
31-05-2017T21:55,80.276219,8.306455999999999
31-05-2017T22:00,80.28123199999999,8.259276
31-05-2017T22:05,80.284897,8.225555
31-05-2017T22:10,80.290712,8.215751
31-05-2017T22:15,80.293886,8.192514
31-05-2017T22:20,80.294107,8.196236
31-05-2017T22:25,80.294347,8.185774
31-05-2017T22:30,80.294528,8.190742
31-05-2017T22:35,80.29471,8.174987
31-05-2017T22:40,80.294913,8.173844
31-05-2017T22:45,80.295106,8.184877
31-05-2017T22:50,80.295168,8.165982000000001
31-05-2017T22:55,80.295397,8.144803
31-05-2017T23:00,80.2978,8.085328
31-05-2017T23:05,80.298982,8.059375
31-05-2017T23:10,80.299035,8.062644
31-05-2017T23:15,80.299362,8.050573
31-05-2017T23:20,80.299435,8.06144
31-05-2017T23:25,80.300763,8.029421000000001
31-05-2017T23:30,80.307965,7.991167999999999
31-05-2017T23:35,80.314851,7.951047
31-05-2017T23:40,80.317636,7.918028
31-05-2017T23:45,80.31778,7.914524
31-05-2017T23:50,80.318428,7.904032000000001
